,title,body,answer
0,책임감이 강한 사람은 우울증에 잘 걸린다는데 걱정입니다.,매사에 책임감이 강하고 꼼꼼하고 가스나 자물쇠를 몇 번 재확인하는 사람들은 대체로 남을 비난하기보다는 자신을 비난하고 죄책감을 잘 느낍니다.,1
1,책임감이 강한 사람은 우울증에 잘 걸린다는데 걱정입니다.,남들에게는 너그러우나 자신을 늘 나무라고 비난하는 성격이라면 우울증에 걸릴 소지가 다분히 있습니다.,1
2,책임감이 강한 사람은 우울증에 잘 걸린다는데 걱정입니다.,남에게 야단 맞아도 기분 나쁜데 자기가 자기를 늘 야단친다면 누군들 우울해지지 않겠습니까?,1
3,책임감이 강한 사람은 우울증에 잘 걸린다는데 걱정입니다.,"일반적으로 자존심이 낮고, 지나치게 양심적이고, 대인관계가 의존적이고, 지속적인 대인관계를 이루지 못하는 사람들에서 우울증이 잘 생깁니다.",1
4,노인성 우울증도 유전이 되나요?,"노년기 우울증의 경우, 유전적 요인은 큰 의미가 없는 것으로 알려지고 있습니다.",0
5,노인성 우울증도 유전이 되나요?,우울증의 초발 연령이 50세 이후와 그 이전인 환자의 직계 가족이 우울증에 이환될 위험도는 각각 8.3%와 20%로 보고된 바 있습니다.,0
6,현재 폭식증으로 너무 심한 고통을 받고 있는데 이 우울증은 따로 치료해야 할까요?,우울한 기분은 이상 식사 행동에 흔히 쫓아 오는 문제입니다.,1
7,현재 폭식증으로 너무 심한 고통을 받고 있는데 이 우울증은 따로 치료해야 할까요?,우울한 기분이 이상 식사 행동의 원인이 되기도 하고 이상 식사 행동의 결과로 나타나기도 합니다.,1
8,현재 폭식증으로 너무 심한 고통을 받고 있는데 이 우울증은 따로 치료해야 할까요?,심한 경우에는 이 문제를 이상 식사 행동 조절 전에 치료받아야 하는 경우도 있습니다.,1
9,현재 폭식증으로 너무 심한 고통을 받고 있는데 이 우울증은 따로 치료해야 할까요?,평가를 통해 약물치료가 필요하다면 약물치료를 받고 면담치료를 통해 이상 식사 행동의 수정에 앞서 우울증의 치료가 선행됩니다.,1
10,현재 폭식증으로 너무 심한 고통을 받고 있는데 이 우울증은 따로 치료해야 할까요?,식사 행동이 조절되면 우울증도 같이 없어지는 경우가 많습니다.,1
11,우울증 치료를 받고 증세가 좋아진줄알았는데 조증이라고 합니다. 왜 그럴까요?,항우울제의 사용으로 인해 조증이 유발될 수 있습니다.,0
12,우울증 치료를 받고 증세가 좋아진줄알았는데 조증이라고 합니다. 왜 그럴까요?,질병의 경과 중 우울증 다음에 조증이 나타나는 경우도 있습니다.,0
13,중풍에서 우울증이 많이 생기나요?,우울증이 많은 빈도에서 생깁니다.,0
14,중풍에서 우울증이 많이 생기나요?,중풍 환자의 1/3에서 2/3 정도가 우울증이 발생하는데 뇌의 손상이 뇌의 앞쪽(전두엽)에 가까울수록 심합니다.,0
15,중풍에서 우울증이 많이 생기나요?,좌측 뇌에 손상이 있을 경우 우울증이 더 많이 발생합니다.,0
16,중풍에서 우울증이 많이 생기나요?,우울증이 있을 경우의 증상은 힘이 없으며 의욕을 잃은 듯한 표정 및 행동을 보입니다.,0
17,중풍에서 우울증이 많이 생기나요?,우울증이 있을 경우의 증상은 잠을 자지 못하는 경우가 많으며 말없이 가만히 있는 경우가 많게 됩니다.,0
18,중풍에서 우울증이 많이 생기나요?,우울증이라면 재활치료를 하는 데 많은 장애를 초래하므로 심리치료 및 약물치료가 필요합니다.,0
19,제가 아는 사람은 안기부에서 자신을 감시한다고 불안해해서 입원했다는데 조증 치료를 받는다고 합니다. 어떻게 된 건가요?,"조증 시기에 편집증, 망상, 환각 등이 동반될 수 있는데 알고 계신대로 망상이 기분과 일치하는 과대적, 종교적, 성적인 경우가 많지만 드물게는 기분과 일치하지 않는 내용으로 나타날 수도 있습니다.",0
20,제가 아는 사람은 안기부에서 자신을 감시한다고 불안해해서 입원했다는데 조증 치료를 받는다고 합니다. 어떻게 된 건가요?,조증 시기에 겉으로 드러나는 망상은 피해적인 내용이지만 근본적으로 과대 망상이 있는 경우 이는 드러나지 않고 피해망상만 두드러지는 경우도 있을 수 있습니다.,0
21,제가 아는 사람은 안기부에서 자신을 감시한다고 불안해해서 입원했다는데 조증 치료를 받는다고 합니다. 어떻게 된 건가요?,자신이 대통령이기 때문에 북한에서 내려온 간첩들이 자신을 노리고 있다는 망상은 조증시기에 나타날 수 있습니다,0
22,제가 아는 사람은 안기부에서 자신을 감시한다고 불안해해서 입원했다는데 조증 치료를 받는다고 합니다. 어떻게 된 건가요?,나를 간첩으로 오해하여 안기부가 따라 다닌다는 정신분열병 경우와는 다릅니다.,0
23,남편의 우울증은 회복되었는데 소극적이고 사람만나는걸 힘들어해요,우울증으로부터 완치되었다는 것은 이와 같은 대인관계나 사회기능상에서도 병전 수준으로 거의 완전히 회복되었음을 의미합니다.,0
24,남편의 우울증은 회복되었는데 소극적이고 사람만나는걸 힘들어해요,병전 성격과 개인의 상황을 대처하는 방식에 따라 우울증의 후유증으로 대인관계나 사회기능상의 장애가 남을 수 있습니다.,0
25,남편의 우울증은 회복되었는데 소극적이고 사람만나는걸 힘들어해요,"이런 경우에는 상담치료나 카운셀링을 통해 도움 받을 수가 있으며, 가족이나 직장 등에서도 환자에게 너무 부담감을 주지 않는 것이 좋습니다.",0
26,남편의 우울증은 회복되었는데 소극적이고 사람만나는걸 힘들어해요,대부분의 경우 시간이 지나면 완전히 병전 수준으로 복귀할 수 있을 것입니다.,0
27,기억력이 떨어지는 것도 우울증의 증세인가요?,그렇습니다.,0
28,기억력이 떨어지는 것도 우울증의 증세인가요?,우울증에서는 집중력과 주의력이 감소하여 사소한 것을 쉽게 잊어버리는 등 기억력의 장애가 나타날 수 있습니다.,0
29,기억력이 떨어지는 것도 우울증의 증세인가요?,"심한 경우는 지남력의 장해, 무감동증 등의 증상이 나타날 수도 있으며, 이러한 기억력의 장애가 노인에게 나타나는 경우 치매와의 구별이 어려워질 때도 있습니다.",0
30,기억력이 떨어지는 것도 우울증의 증세인가요?,"노인에게서 기억력이 떨어지고 우울해하며 의욕이 없어지는 경우, 신경정신과 전문의를 찾아 치매에 의한 증상인지 우울증에 의한 증상인지를 감별하고 적절한 치료를 받으셔야 합니다.",0
31,월경 전이면 며칠씩 기분이 우울하고 예민해지는 데 이것도 우울증인가요?,"대부분의 월경주기에서 황체기의 마지막 주 동안에(월경 전에) 뚜렷한 우울기분, 불안, 기분 등요, 일상생활에서의 흥미 감소 등의 증상들이 규칙적으로 반복하여 발생하고 월경 시작 후 며칠 안에 회복되는 경우에는 월경전 증후군이라고 볼 수 있으며, 이것도 역시 우울증에 속합니다.",0
32,월경 전이면 며칠씩 기분이 우울하고 예민해지는 데 이것도 우울증인가요?,"월경 전 행동상의 변화는 먹는 방식이 달라질 수 있고, 도벽, 싸움질도 있으며, 신체적으로는 유방의 압통, 부종 등이 올 수 있습니다.",0
33,월경 전이면 며칠씩 기분이 우울하고 예민해지는 데 이것도 우울증인가요?,월경 전 증상들이 학교 또는 일상 활동을 뚜렷하게 방해할 만큼 상당히 심한 경우에는 병원에서 상담하여 치료방향을 의논하는 것이 좋습니다.,0
34,우울증도 치매와 비슷한 증상을 보일 수 있다고 하는데요. 사실인가요?,우울증이 심해지면 치매 환자가 보이는 모습을 모두 나타낼 수 있습니다.,0
35,우울증도 치매와 비슷한 증상을 보일 수 있다고 하는데요. 사실인가요?,노인성 우울증 증상 중 가장 특징적인 것은 치매유사증상을 동반하는 경우가 많다는 점입니다.,0
36,우울증도 치매와 비슷한 증상을 보일 수 있다고 하는데요. 사실인가요?,우울증에서 치매유사증상이 동반되는 경우를 '가성치매' 혹은 '우울증 치매증후군'이라고 합니다.,0
37,우울증도 치매와 비슷한 증상을 보일 수 있다고 하는데요. 사실인가요?,통계에 의하면 치매로 진단을 받은 환자의 20~32%가 가성치매인 것으로 보고된 바도 있습니다.,0
38,노인성 우울증은 어떻게 예방하나요 ?,"우울증의 예방법으로는 가능하면 규칙적인 일상생활(수면, 운동 등)을 매일 지속적으로 유지하는 것이 있습니다",0
39,노인성 우울증은 어떻게 예방하나요 ?,평소에 가장 즐기는 활동에 참여하여 대인 관계를 유지하세요,0
40,노인성 우울증은 어떻게 예방하나요 ?,힘든 일이나 마음속의 생각을 신뢰할 수 있는 가족의 일원이나 가까운 친구에게 자주 상의하세요,0
41,노인성 우울증은 어떻게 예방하나요 ?,과도한 알코올이나 습관성 약물 및 수면(낮잠 등)은 피하세요,0
42,노인성 우울증은 어떻게 예방하나요 ?,"매사에 의욕이 떨어지고, 우울한 기분이 2주 이상 지속한 경우는 신경정신과 전문의에게 곧바로 도움을 청하세요",0
43,노인성 우울증이 진행되면 치매가 되나요?,노인우울장애 환자의 다수에서 인지기능 장애나 치매가 나타나게 됩니다.,0
44,노인성 우울증이 진행되면 치매가 되나요?,보고에 의하면 3차 의료기관 신경정신과 병원에 입원한 노인 주요우울장애 환자들 중 약 40%가 치매의 진단기준에 부합되었다고 합니다.,0
45,노인성 우울증이 진행되면 치매가 되나요?,추적 관찰 결과 처음에 가역적인 치매로 진단받은 노인 우울증 환자는 1년 후에 9-22%의 비율로 치매에 걸리는 것으로 나타났습니다.,0
46,노인성 우울증은 남성과 여성의 발생비율에 차이가 있나요?,노인 역학 연구 조사에서 남성에 비해 여성에서 우울증의 빈도가 높은 것으로 나타나 성별이 우울증의 주요한 유발 요인으로 생각되었습니다.,0
47,노인성 우울증은 남성과 여성의 발생비율에 차이가 있나요?,대부분의 연구들은 여성의 경우 주요우울증의 유병률이 남성보다 1.5 내지 2.5배 더 높음을 시사하고 있습니다.,0
48,노인성 우울증은 남성과 여성의 발생비율에 차이가 있나요?,성별이 우울장애에 직접 영향을 준다기보다는 우울 증상이 표현되는 여러 사회적 인자들에 있어서 남녀 간에 차이가 존재하기 때문으로 알려졌습니다.,0
49,노인성 우울증에서 자살하는 경우가 많나요?,일반적으로 우울증 환자의 약 15%에서 자살을 시도하며 그중에서 약 10%는 결국 자살로 죽게 됩니다.,0
50,노인성 우울증에서 자살하는 경우가 많나요?,자살은 노인 인구에서 더 흔한 것으로 보고되고 있습니다.,0
51,노인성 우울증에서 자살하는 경우가 많나요?,노년기에서는 신체질병과 상실이 가장 흔한 자살유발 요인입니다.,0
52,노인성 우울증에서 자살하는 경우가 많나요?,우울증의 경우 치료를 하지 않는 경우 자살로 이어질 수 있는 중요한 병이기 때문에 지속적인 치료는 물론 예방적 치료에 더 많은 주의를 기울여야 합니다.,0
53,가성치매란 무엇입니까?,가성치매는 임상 양상은 치매와 비슷하나 뇌병변이 없는 기능성장애로 나타나는 경우를 말합니다.,0
54,가성치매란 무엇입니까?,"증상은 치매와 비슷하나 고통스러운 느낌, 장·단기 기억 모두 장애, 인지장애보다 일상 사회생활 및 대인관계는 비교적 원만한 경우를 말합니다.",0
55,가성치매란 무엇입니까?,"원인은 우울증이며, 치료경과 및 예후를 보면 항우울제에 의해 치료가 잘 됩니다.",0
56,노인성 우울증의 구체적인 항우울제에는 어떤 종류가 있습니까?,"삼환계 항우울제, 둘째, 선택적 세로토닌 재흡수 억제제, 셋째, 단가아민 산화효소 억제제 등 다양하게 있습니다.",0
57,노인성 우울증의 구체적인 항우울제에는 어떤 종류가 있습니까?,현재 이 중에서 비교적 광범위하게 사용되고 있는 것은 비교적 치료범위가 넓고 심각한 부작용이 적은 선택적 세로토닌 재흡수 억제제입니다.,0
58,노인성 우울증의 구체적인 항우울제에는 어떤 종류가 있습니까?,약물의 사용은 반드시 주치의사와 상의하셔야 합니다.,0
59,노인성 우울증의 구체적인 원인은 무엇인가요 ?,노인성 우울증은 다양한 요인에 의해 일어나며 원인 또한 다양합니다.,0
60,노인성 우울증의 구체적인 원인은 무엇인가요 ?,"일반적으로 노인의 생리적 변화, 여러 신체적 장애, 사회적 지지의 결여 및 생활양식의 변화 등이 노년기 우울증의 발병에 기여할 수 있습니다.",0
61,노인성 우울증의 구체적인 원인은 무엇인가요 ?,"구체적인 원인으로는 유전적 요인, 신경화학적 요인, 신경내분비의 변화 등 생물학적 지표가 알려지고 있으나 최근까지의 연구 결과는 구체적이고 특정적인 소견을 제시하지 못하고 있습니다.",0
62,노인 우울증의 특징을 알려 주십시오.,"불안, 초조, 고민이 강한 데 비해 우울감의 호소는 적다.",0
63,노인 우울증의 특징을 알려 주십시오.,정신운동의 억제는 적고 신체적 호소가 강하다.,0
64,노인 우울증의 특징을 알려 주십시오.,"망상이 나타나는 경우가 있다(빈곤, 죄책, 신체 망상).",0
65,노인 우울증의 특징을 알려 주십시오.,자살 우려가 자주 나타난다.,0
66,노인 우울증의 특징을 알려 주십시오.,"의식 혼탁, 섬망을 보이는 경우가 있다.",0
67,노인 우울증의 특징을 알려 주십시오.,"신체적 합병증을 가지는 경우가 많다. (예: 불면, 식욕부진, 변비, 전신권태, 체중감소, 현기증)",0
68,노인 우울증의 특징을 알려 주십시오.,지적 쇠약감이 나타나고 치매가 나타난 것으로 생각되는 경우도 있다(가성치매).,0
69,어머님이 아버님과 사별하신 후 매일 노인회관에서 화투를 치는데 괜찮은건가요?,노년기에 배우자의 상실은 남아있는 사람에게 큰 충격이 됩니다.,0
70,어머님이 아버님과 사별하신 후 매일 노인회관에서 화투를 치는데 괜찮은건가요?,이런 경우 가족들이 환자를 충분히 지지해 주는 환경이 필요합니다.,0
71,어머님이 아버님과 사별하신 후 매일 노인회관에서 화투를 치는데 괜찮은건가요?,많은 대화를 나누고 사소한 일에도 많은 관심을 주어서 자신의 존재가 무의미하지는 않다는 사실을 일깨워 주어야 합니다.,0
72,어머님이 아버님과 사별하신 후 매일 노인회관에서 화투를 치는데 괜찮은건가요?,어머님이 노인회관에 다니면서 다른 사람들과 대인 관계를 가진다는 것은 매우 바람직합니다.,0
73,어머님이 아버님과 사별하신 후 매일 노인회관에서 화투를 치는데 괜찮은건가요?,노름한다고 하더라도 그것이 큰돈이 오가는 것이 아니고 그냥 시간을 보내기 위한 것이라면 오히려 환자에게는 도움이 되리라고 여겨집니다.,0
74,저는 폭식을 하고 나면 죄책감이 들어요...우울하기도 하고요... 저만 이런 건가요..?,폭식하면 다음과 같은 일련의 생각들이 머릿속을 스쳐 지나가게 됩니다. '나는 나 자신을 조절할 수 없었다'라는 생각입니다.,1
75,저는 폭식을 하고 나면 죄책감이 들어요...우울하기도 하고요... 저만 이런 건가요..?,폭식하면 자신의 의지가 박약하다고 스스로를 비난하게 됩니다.,1
76,저는 폭식을 하고 나면 죄책감이 들어요...우울하기도 하고요... 저만 이런 건가요..?,폭식을 했으니 살이 찔 것이라는 두려움이 있을 수 있습니다,1
77,저는 폭식을 하고 나면 죄책감이 들어요...우울하기도 하고요... 저만 이런 건가요..?,다이어트는 폭식의 가장 큰 원인입니다.,1
78,저는 폭식을 하고 나면 죄책감이 들어요...우울하기도 하고요... 저만 이런 건가요..?,다이어트가 결과적으로 폭식을 불러일으킨다는 사실을 간과한 채 실패의 책임을 안으로 돌리 수 있습니다,1
79,저는 폭식을 하고 나면 죄책감이 들어요...우울하기도 하고요... 저만 이런 건가요..?,다이어트는 결과적으로 죄책감과 자신에 대한 증오감을 느끼게 합니다,1
80,저는 폭식을 하고 나면 죄책감이 들어요...우울하기도 하고요... 저만 이런 건가요..?,다이어트로 인해 체중이 더욱 늘지도 모른다는 생각이 우울증을 불러일으킵니다.,1
81,할머니가 맨날 머리가 아프다고 하세요. 낮이나 밤에는 별로 안 그러는데 아침에 유독 두통이 잦은 것 같아요. 왜 그런걸까요?,노인에게 급성두통은 위급한 질환으로 인한 경우가 많지만 이와 달리 만성두통은 대부분 생명을 위협하는 경우는 거의 없습니다.,0
82,할머니가 맨날 머리가 아프다고 하세요. 낮이나 밤에는 별로 안 그러는데 아침에 유독 두통이 잦은 것 같아요. 왜 그런걸까요?,아침에 잠에서 깼을 때 두통이 잘 온다면 우울증으로 인한 두통을 의심해볼 수 있습니다.,0
83,할머니가 맨날 머리가 아프다고 하세요. 낮이나 밤에는 별로 안 그러는데 아침에 유독 두통이 잦은 것 같아요. 왜 그런걸까요?,"노년기가 되면서 건강도 안 좋아지고 주변에서 배우자나 친구들이 하나둘씩 운명하고 자식 걱정, 집안 걱정, 돈 걱정, 남은 인생에 대한 절망감 등등이 원인이 되어 오는 두통입니다.",0
84,할머니가 맨날 머리가 아프다고 하세요. 낮이나 밤에는 별로 안 그러는데 아침에 유독 두통이 잦은 것 같아요. 왜 그런걸까요?,기분이 우울하고 만사가 귀찮아지면서 오는 우울성 두통인 경우는 얼마 동안은 우울증 약물치료를 받아야 두통이 없어집니다.,0
85,할머니가 맨날 머리가 아프다고 하세요. 낮이나 밤에는 별로 안 그러는데 아침에 유독 두통이 잦은 것 같아요. 왜 그런걸까요?,우울증약은 알고 계신 것처럼 습관성이 생기는 약이 아니므로 선입관을 갖지 마시고 의사의 처방을 받아서 복용하시는 게 좋습니다.,0
86,불면증을 일으키는 정신질환에는 어떤 것이 있나요?,대표적인 것이 우울증입니다.,0
87,불면증을 일으키는 정신질환에는 어떤 것이 있나요?,우울증 환자는 대부분 새벽에 일찍 깨어나 다시 잠들기 힘든 경우가 많은데 반대로 15~20%의 환자는 잠이 더 늘어나기도 합니다.,0
88,불면증을 일으키는 정신질환에는 어떤 것이 있나요?,"신체형 장애, 알코올을 비롯한 약물사용 장애, 불안장애, 기질성 정신장애, 공포 장애, 강박 장애, 조현병, 조울증 등에서 불면증이 동반될 수 있습니다.",0
89,불면증을 일으키는 정신질환에는 어떤 것이 있나요?,대부분의 정신 질환은 불면증이 악화되면서 병도 심해지는 경향을 보입니다.,0
90,불면증을 일으키는 정신질환에는 어떤 것이 있나요?,불면증과 정신질환은 매우 밀접한 관련이 있으므로 불면증이 지속되는 경우 정밀한 정신건강의학과적 진찰을 받는 것이 매우 중요합니다.,0
91,누구나 정도의 차이는 있지만 우울증이 있지 않습니까?그런데 어느정도까지가 우울증으로 진단되고 치료를 필요로 하는지 궁금합니다.,"우울한 기분은 정상인도 느낄 수 있지만, 학업이나 가정생활, 직장생활 등에 지장을 초래할 정도라면 우울증을 고려해봐야 합니다.",0
92,우울증이 있다가 조증으로 상태가 바뀌는 원인이 무엇입니까?,심리학적으로는 조증상태란 오랜 우울증에 대한 보상성 반응이라고 합니다.,0
93,우울증이 있다가 조증으로 상태가 바뀌는 원인이 무엇입니까?,조증상태가 나타나는 이유는 우울상태가 바닥으로 떨어져 더 이상 내려갈 수 없을 때 반동으로 바닥을 치며 위로 떠올라오기 때문이라고 합니다.,0
94,우울증이 있다가 조증으로 상태가 바뀌는 원인이 무엇입니까?,"약물에 의한 경우, 신체호르몬의 변화에 의한 경우 등의 여러 가지 원인이 있습니다.",0
95,일주일 이상도 지금은 거의 못자고 있으니까 밥맛도 없고 하루종일 누워서 자 보려고 하고 있습니다 한약도 먹었는데 그때 뿐 지금은 삶자체를 포기하고 싶을때가 있습니다 지금 저는 어떻게 해야 되겠습니까?,"현재 상담자께서 가지고 계신 증상은 불면증뿐만 아니라 식욕부진, 무기력, 의욕저하, 허무감, 자살사고, 죄책감 등의 증상도 함게 동반된 것 같습니다.",0
96,일주일 이상도 지금은 거의 못자고 있으니까 밥맛도 없고 하루종일 누워서 자 보려고 하고 있습니다 한약도 먹었는데 그때 뿐 지금은 삶자체를 포기하고 싶을때가 있습니다 지금 저는 어떻게 해야 되겠습니까?,해당 증상들은 '주요우울증'이라는 정신건강의학과 질환에 대표적으로 나타나는 증상들입니다.,0
97,일주일 이상도 지금은 거의 못자고 있으니까 밥맛도 없고 하루종일 누워서 자 보려고 하고 있습니다 한약도 먹었는데 그때 뿐 지금은 삶자체를 포기하고 싶을때가 있습니다 지금 저는 어떻게 해야 되겠습니까?,지금이라도 정신건강의학과 치료를 받으셔야 하는 중요한 병입니다.,0
98,일주일 이상도 지금은 거의 못자고 있으니까 밥맛도 없고 하루종일 누워서 자 보려고 하고 있습니다 한약도 먹었는데 그때 뿐 지금은 삶자체를 포기하고 싶을때가 있습니다 지금 저는 어떻게 해야 되겠습니까?,가까운 시일 내에 정신건강의학과 병원을 방문하십시오.,0
99,"다이어트에 실패하고 나면 심한 좌절감과 무력감, 우울감을 느낍니다. 나는 자제력이 없고 의지가 박약한 사람인가요?","일단 그러한 생각이 들면 누구나 좌절감이 오고, 우울해지는 것이 상례입니다.",1
100,"다이어트에 실패하고 나면 심한 좌절감과 무력감, 우울감을 느낍니다. 나는 자제력이 없고 의지가 박약한 사람인가요?",중요한 사실은 어떠한 다이어트를 하고 있느냐 하는 것을 곰곰이 따져볼 필요가 있습니다.,1
101,"다이어트에 실패하고 나면 심한 좌절감과 무력감, 우울감을 느낍니다. 나는 자제력이 없고 의지가 박약한 사람인가요?","현재 자신이 하고 있는 다이어트를 오랫동안 유지할 수 있는가, 즉 현실적으로 가능한 것인가를 살펴보아야 합니다.",1
102,"다이어트에 실패하고 나면 심한 좌절감과 무력감, 우울감을 느낍니다. 나는 자제력이 없고 의지가 박약한 사람인가요?",절대로 인위적인 체중 조절은 합리성이 결여 되어 있을 경우 생리적 욕구를 이겨낼 수는 없습니다.,1
103,"다이어트에 실패하고 나면 심한 좌절감과 무력감, 우울감을 느낍니다. 나는 자제력이 없고 의지가 박약한 사람인가요?",인간은 살아남기 위해 오랜 세월 진화되어 왔습니다.,1
104,"다이어트에 실패하고 나면 심한 좌절감과 무력감, 우울감을 느낍니다. 나는 자제력이 없고 의지가 박약한 사람인가요?",먹고 남은 에너지는 체지방으로 저장하는 지혜도 배웠지요.,1
105,"다이어트에 실패하고 나면 심한 좌절감과 무력감, 우울감을 느낍니다. 나는 자제력이 없고 의지가 박약한 사람인가요?",이러한 현상은 유전적인 정보로 세대를 넘어서 전달되어 왔습니다.,1
106,"다이어트에 실패하고 나면 심한 좌절감과 무력감, 우울감을 느낍니다. 나는 자제력이 없고 의지가 박약한 사람인가요?",즉 인류는 남는 에너지를 먹지 못하는 힘든 시기를 대비하여 저장하도록 유전적으로 운명지어진 것입니다.,1
107,"다이어트에 실패하고 나면 심한 좌절감과 무력감, 우울감을 느낍니다. 나는 자제력이 없고 의지가 박약한 사람인가요?",이러한 운명을 거스르는 다이어트는 필연적으로 실패할 수밖에 없습니다.,1
108,"다이어트에 실패하고 나면 심한 좌절감과 무력감, 우울감을 느낍니다. 나는 자제력이 없고 의지가 박약한 사람인가요?",자신을 탓하지 말고 합리적인 다이어트를 위해 노력하십시오.,1
109,"다이어트에 실패하고 나면 심한 좌절감과 무력감, 우울감을 느낍니다. 나는 자제력이 없고 의지가 박약한 사람인가요?",진정으로 체중 조절을 원한다면 자신의 생활습관이 바뀌지 않으면 안됩니다.,1
110,"다이어트에 실패하고 나면 심한 좌절감과 무력감, 우울감을 느낍니다. 나는 자제력이 없고 의지가 박약한 사람인가요?",적절한 칼로리를 3번에 나누어 배가 고프지 않도록 하는 다이어트를 하여야 합니다.,1
111,"다이어트에 실패하고 나면 심한 좌절감과 무력감, 우울감을 느낍니다. 나는 자제력이 없고 의지가 박약한 사람인가요?",위를 비워두면 음식물에 대한 감수성은 필연적으로 올라갑니다.,1
112,"다이어트에 실패하고 나면 심한 좌절감과 무력감, 우울감을 느낍니다. 나는 자제력이 없고 의지가 박약한 사람인가요?",위를 비워두면 폭식의 가능성이 높아진다는 이야기입니다.,1
113,항우울제의 부작용은 뭐가 있나요? 그리고 부작용이 나타났을 때 대처방법 같은 것도 알려주세요,졸리움이 있을 때에는 곧 없어짐으로 염려는 마시되 가능한 운전이나 중장비를 다루는 일은 삼가시는 것이 좋습니다.,0
114,항우울제의 부작용은 뭐가 있나요? 그리고 부작용이 나타났을 때 대처방법 같은 것도 알려주세요,최근에 처방되는 항우울제들은 이전의 약물과는 달리 심한 심혈관계 부작용 및 진정작용은 없는 비교적 안전한 것으로 알려져 있습니다.,0
115,항우울제의 부작용은 뭐가 있나요? 그리고 부작용이 나타났을 때 대처방법 같은 것도 알려주세요,"일반적으로 장기간 사용하는 경우 수면장애, 운동장애, 소화장애 및 불안, 졸리움 또는 간혹 성기능 등의 부작용이 있을 수 있습니다.",0
116,항우울제의 부작용은 뭐가 있나요? 그리고 부작용이 나타났을 때 대처방법 같은 것도 알려주세요,만약 부작용으로 느껴지는 증상이 있다면 아래 내용을 참고하시기 바랍니다.-입마름이 지속되면 물을 많이 마시거나 껌을 씹으십시오.,0
117,항우울제의 부작용은 뭐가 있나요? 그리고 부작용이 나타났을 때 대처방법 같은 것도 알려주세요,어지러움 증세가 나타날 때는 침대나 의자에서 천천히 일어나십시오.,0
118,항우울제의 부작용은 뭐가 있나요? 그리고 부작용이 나타났을 때 대처방법 같은 것도 알려주세요,"두통, 메스꺼움, 불편감은 약물 사용 특히 처음 1-2 주 사이에 나타날 수 있으나, 곧 없어지므로 큰 염려를 하실 필요는 없습니다.",0
119,항우울제의 부작용은 뭐가 있나요? 그리고 부작용이 나타났을 때 대처방법 같은 것도 알려주세요,만일 지속적으로 발기부전 등의 성기능 장애로 인한 성생활에 지장이 있을 때는 주치의사와 상의토록 하십시오.,0
120,치매와 우울증이 같이 오기도 합니까?,같이 동반되는 경우도 많습니다.,0
121,치매와 우울증이 같이 오기도 합니까?,그러나 우울증으로 인하여 기억력이 감퇴되고 치매처럼 보이는 경우도 많습니다.,0
122,치매와 우울증이 같이 오기도 합니까?,우울증을 치료하면 치매증세가 좋아지는 가성치매인 경우도 있습니다.,0
123,치매와 우울증이 같이 오기도 합니까?,정확한 진단이 필요합니다.,0
124,성적 때문에 우울증이 생기기도 합니까?,기대하던 성적과 실제의 성적사이에 격차가 크면 클수록 좌절감이 커집니다.,0
125,성적 때문에 우울증이 생기기도 합니까?,좌절감을 느끼고 앞으로의 희망이 보이지 않을 때 우울상태로 빠져 자살로 이르기도 합니다.,0
126,최근에 70세 된 아버님께서 방금 전 에 하시던 일을 쉽게 잊어버리시고다른 사람이 자신의 물건을 훔쳐 간다라며 짜증을 내거나 물건을 집어던지기도 해요. 그러면서 잠시도 가만히 있지 못하고 초조해하며 항상 긴장이 되어 있어요. 무슨 병이 있는 거 아닐까요 ?,정상적인 노화 과정에서도 기억력의 감소를 포함하여 여러 부분이 지적 기능감소가 나타날 수 있고 모든 형태의 정보 처리 과정이 느려지게 됩니다.,1
127,최근에 70세 된 아버님께서 방금 전 에 하시던 일을 쉽게 잊어버리시고다른 사람이 자신의 물건을 훔쳐 간다라며 짜증을 내거나 물건을 집어던지기도 해요. 그러면서 잠시도 가만히 있지 못하고 초조해하며 항상 긴장이 되어 있어요. 무슨 병이 있는 거 아닐까요 ?,이런 변화를 보이는 대개의 노인들은 이러한 변화에 대해 자존감이 낮아지고 우울해하게 되며 이로 인해 주위에 대해 예민해지거나 화를 내기도 하는 등 전과 다른 변화를 보이기도 합니다.,1
128,최근에 70세 된 아버님께서 방금 전 에 하시던 일을 쉽게 잊어버리시고다른 사람이 자신의 물건을 훔쳐 간다라며 짜증을 내거나 물건을 집어던지기도 해요. 그러면서 잠시도 가만히 있지 못하고 초조해하며 항상 긴장이 되어 있어요. 무슨 병이 있는 거 아닐까요 ?,정도 이상의 예민함이나 행동을 보일 경우 다른 질환의 이차적인 변화로 인한 것도 완전히 배제를 하지 못하므로 이에 대한 평가가 필요합니다.,1
129,최근에 70세 된 아버님께서 방금 전 에 하시던 일을 쉽게 잊어버리시고다른 사람이 자신의 물건을 훔쳐 간다라며 짜증을 내거나 물건을 집어던지기도 해요. 그러면서 잠시도 가만히 있지 못하고 초조해하며 항상 긴장이 되어 있어요. 무슨 병이 있는 거 아닐까요 ?,"주로 우울증, 치매 혹은 다른 신체 질환으로 인한 변화에 의한 경우가 많으며 이들은 모두 증세를 경감 혹은 정도에 따라서는 호전시킬 수 있으므로 조기 발견 및 조기 치료가 매우 중요합니다.",1
130,최근에 70세 된 아버님께서 방금 전 에 하시던 일을 쉽게 잊어버리시고다른 사람이 자신의 물건을 훔쳐 간다라며 짜증을 내거나 물건을 집어던지기도 해요. 그러면서 잠시도 가만히 있지 못하고 초조해하며 항상 긴장이 되어 있어요. 무슨 병이 있는 거 아닐까요 ?,가까운 정신건강의학과에 가셔서 진찰을 받아보시는 것이 좋겠습니다.,1
131,"78세 할아버지입니다..나이가 드니까.. 몸이 이곳 저곳 쑤시고, 아픈데, 이젠 죽을 때가 되었나봐요..하나님께 기도하는 것도 귀찮고, 그냥 언제 죽을까 불안해요...",나이가 들면서 늙게 되는 것은 자연의 섭리라고 할 수 있습니다.,1
132,"78세 할아버지입니다..나이가 드니까.. 몸이 이곳 저곳 쑤시고, 아픈데, 이젠 죽을 때가 되었나봐요..하나님께 기도하는 것도 귀찮고, 그냥 언제 죽을까 불안해요...","질문자분이 생각하시는 것도 당연하다고 생각됩니다.그런 생각 때문에 매일 하루종일 의욕도 없고, 재미있던 TV 프로도 없어지고, 죽고 싶은 마음만 들고, 불안해지는 등의 현상이 나타나면 가까운 정신건강의학과 의사를 찾아가 상담해 보시는 것이 좋을 것 같습니다.",1
133,"78세 할아버지입니다..나이가 드니까.. 몸이 이곳 저곳 쑤시고, 아픈데, 이젠 죽을 때가 되었나봐요..하나님께 기도하는 것도 귀찮고, 그냥 언제 죽을까 불안해요...","연세가 들면서 그런 생각을 하시게 되는 것은 자연스러운 현상이지만, 이로 인해 우울증이 깊어질 수 있기 때문에 위와 비슷한 상황이 나에게 벌어지고 있다고 생각하시는 경우에는 의사의 도움을 받는 것이 좋을 것 같습니다.",1
134,"78세 할아버지입니다..나이가 드니까.. 몸이 이곳 저곳 쑤시고, 아픈데, 이젠 죽을 때가 되었나봐요..하나님께 기도하는 것도 귀찮고, 그냥 언제 죽을까 불안해요...","치료받는 것에 부끄러워하지 않고, 당당히 나서는 것이 용기 있는 행동일 것입니다.",1
135,노인성 우울증의 정의와 대표적 증상은 무엇입니까?,노인 인구의 급격한 증가와 함께 노년기에서도 우울증이 증가하고 있습니다.,0
136,노인성 우울증의 정의와 대표적 증상은 무엇입니까?,신체적 질환을 가진 노인환자들에서도 약 10~45%에서 우울 증상을 경험한다고 합니다.,0
137,노인성 우울증의 정의와 대표적 증상은 무엇입니까?,"우울증 환자들에서 나타나는 흔한 증상들의 빈도를 보면 불면증, 슬픈 기분(100%), 눈물을 잘 흘림(94%), 집중이 잘 안됨(91%), 죽고 싶은 생각(82%), 피곤함, 짜증, 움직이기 싫어함(76%), 식욕이 없음(66%), 생활주기가 불규칙적임(64%), 절망감(51%), 기억력 감퇴(35%), 망상(35%), 자살시도(15%) 및 환청(6%)의 순입니다.",0
138,노인성 우울증의 정의와 대표적 증상은 무엇입니까?,"노인우울증의 경우는 슬픔의 직접적인 표현보다는 신체적 호소, 비정상적 성격의 변화 및 자살등의 자해적 행동에 유의해야 합니다.",0
139,"노인성 우울증을 발견했을 때, 일반적으로 어떤 치료가 필요한가요 ? ",노인성우울증 환자의 올바른 평가가 선행되어야 합니다.,0
140,"노인성 우울증을 발견했을 때, 일반적으로 어떤 치료가 필요한가요 ? ","초기 면담에서는 희망적인 태도로 우울 증상의 심한 정도, 자살 위험 등을 살펴보아야 합니다.",0
141,"노인성 우울증을 발견했을 때, 일반적으로 어떤 치료가 필요한가요 ? ","심리, 사회적인 스트레스는 어떤 것이 있는지도 반드시 살펴보아야 합니다.",0
142,"노인성 우울증을 발견했을 때, 일반적으로 어떤 치료가 필요한가요 ? ","치료는 환자의 상황에 따라 정신치료, 인지.행동치료 및 약물치료 또는 필요시는 전기경련요법 등을 외래통원치료 및 입원치료로서 실시합니다.",0
143,"노인성 우울증을 발견했을 때, 일반적으로 어떤 치료가 필요한가요 ? ",만일 환자가 심한 상태에 있거나 특히 자살의 위험이 클 때는 반드시 입원치료를 실시해야 합니다.,0
144,우울증이 계절의 변화와 상관이 있습니까?,어떤 사람의 경우는 겨울이 되어 일조량이 줄어드는 것이 우울증의 원인이 되는 사람도 있습니다.,0
145,우울증이 계절의 변화와 상관이 있습니까?,네 계절성 우울증이라고도 합니다.,0
146,기분이 안 좋고 잠도 잘 못 자고 의욕도 떨어진 지 한 3일 됐어요. 저도 우울증 치료를 받아야 하나요?,"기간이나 증상으로 보아서 아직 우울증이라고 진단내리기는 이른 것 같습니다만, 그런 증상으로 인해 심한 고통을 겪는다면 앞으로 우울증이 될 가능성이 있기 때문에 신경정신과적 치료를 받는 것이 좋으리라 보입니다.",1
147,평소 명랑하던 친척인데 큰 수술을 받고 의기소침해지고 자신감을 잃어갑니다. 수술 때문일까요?,"정신적으로 건강했던 사람도 심근경색증, 뇌종양, 췌장질환, 영양실조 같은 신체적 질병이 생겼을 때 우울증세가 나타날 수 있습니다.",0
148,평소 명랑하던 친척인데 큰 수술을 받고 의기소침해지고 자신감을 잃어갑니다. 수술 때문일까요?,만성화 될수록 증세는 더 심할 수 있습니다.,0
149,친척 중 한 분이 큰 사건도 없었는데 우울증에 걸렸다고 합니다. 그럴 수도 있습니까?,그럴 수 있습니다.,0
150,친척 중 한 분이 큰 사건도 없었는데 우울증에 걸렸다고 합니다. 그럴 수도 있습니까?,환경에서 오는 자극과 관계없이 뇌의 생화학적이상이나 기타 뇌의 병으로 생기는 우울증을 내인성 우울증이라고 합니다.,0
151,노인성 우울증 환자의 약물 치료는 기본원칙이 중요하다고 들었는데 그 기본원칙이란 무엇입니까 ?,노인 환자들에게 약물을 사용할 때는 우선 기본원칙에 충실해야 합니다.,0
152,노인성 우울증 환자의 약물 치료는 기본원칙이 중요하다고 들었는데 그 기본원칙이란 무엇입니까 ?,기본원칙이란 다른 치료방법으로 가능한가를 평가한 후에 약물을 신중히 사용합니다.,0
153,노인성 우울증 환자의 약물 치료는 기본원칙이 중요하다고 들었는데 그 기본원칙이란 무엇입니까 ?,기본원칙이란 약물의 시작은 최저용량으로 사용되어져야 합니다.,0
154,노인성 우울증 환자의 약물 치료는 기본원칙이 중요하다고 들었는데 그 기본원칙이란 무엇입니까 ?,기본원칙이란 가장 적은 종류의 약을 가능한 분복해서 사용합니다.,0
155,노인성 우울증 환자의 약물 치료는 기본원칙이 중요하다고 들었는데 그 기본원칙이란 무엇입니까 ?,항우울제의 사용 시는 치료 초기에는 소량으로 시작하여 조심스럽게 서서히 증량합니다.,0
156,노인성 우울증 환자의 약물 치료는 기본원칙이 중요하다고 들었는데 그 기본원칙이란 무엇입니까 ?,대부분의 노인 환자들은 젊은 환자의 1/2에서 1/3에 해당하는 용량을 사용해야 하며 첫 발병 시 치료효과가 있은 후에도 적어도 6~9개월 동안은 계속해서 약물을 투여해야 합니다.,0
157,"노인성 우울증 환자도 불안, 초조나 망상을 보일 수 있나요 ? ","노인성 우울증의 경우, 반드시 모든 정신운동성 활동이 감퇴되는 퇴행성 우울증만이 아니라 불안, 초조 및 때로는 공격성을 동반한 초조성 우울증의 경우도 나타날 수 있습니다.",0
158,"노인성 우울증 환자도 불안, 초조나 망상을 보일 수 있나요 ? ","우울증이 회복되지 않을 시는 상태의 악화로 지각이나 사고기능에 장애를 초래하여 환청, 환시는 물론 피해사고 등을 주소로 한 피해망상을 동반한 정신병적 증상을 동반할 수 있습니다.",0
159,"노인성 우울증 환자도 불안, 초조나 망상을 보일 수 있나요 ? ","노인성 우울증의 경우 기본적인 항우울제의 사용은 물론, 필요시 항불안제나 신경이완제 등을 함께 사용할 수 있습니다.",0
160,"노인성 우울증 환자가 있을 때, 가족들은 어떻게 환자를 대해야 하나요 ? ","노년기 우울증의 정신사회적 치료에서 가족치료는 매우 중요한 부분을 차지하고 있습니다.가족 구성원들은 환자가 느끼는 상실, 소외감은 물론 정신기능의 상실, 신체기능 특히 신체의 손상에 대한 두려움, 성적 기능 이상에 대한 두려움을 감싸 줄 수 있어야 합니다.",0
161,"노인성 우울증 환자가 있을 때, 가족들은 어떻게 환자를 대해야 하나요 ? ","가족들은 대화와 관심을 통하여 환자를 돌보아 주어야 하며, 치료자와의 중재자 역활을 해야 합니다.",0
162,"노인성 우울증 환자가 있을 때, 가족들은 어떻게 환자를 대해야 하나요 ? ","가족들은 환자에게 노년기 우울증을 이해시켜 주어야 하며 환자행동의 변화, 약물복용 관리 등을 평가하여 자살예방 및 적절한 치료동맹을 유지할 수 있도록 협조를 아끼지 말아야 합니다.",0
163,"노인성 우울증 환자가 있을 때, 가족들은 어떻게 환자를 대해야 하나요 ? ",가족 구성원들은 가능한 자신들의 역할담당을 통해 불필요한 스트레스를 피하고 지나친 논쟁이나 피로에서 벗어날 수 있도록 서로간에 격려하여야 합니다.,0
164,노인 환자들에서 우울증상을 동반하는 신체 질환들은 어떤 것들이 있나요 ?,"뇌졸중과 파킨슨병에서 가장 흔히 우울 증상을 초래하는 것으로 알려져 있으며, 그 빈도는 각각 30~65% 및 20~90%에까지 이르고 있습니다.",0
165,노인 환자들에서 우울증상을 동반하는 신체 질환들은 어떤 것들이 있나요 ?,"종양, 갑상선 기능저하증과 같은 내분비계 장애나 대사장애, 비타민 부족 시에도 우울증이 동반됩니다.",0
166,노인 환자들에서 우울증상을 동반하는 신체 질환들은 어떤 것들이 있나요 ?, 노인성 치매에서도 약 20~40% 정도에서 우울증상이 동반되는 것으로 알려져 있습니다.,0
167,노년기에 우울증을 일으킬 수 있는 정신적인 스트레스를 알려 주십시오.,"노화가 시작되어 노년기에 접어들면 이전과는 다른 신체적, 정신적 증상이 나타나게 됩니다.",0
168,노년기에 우울증을 일으킬 수 있는 정신적인 스트레스를 알려 주십시오.,노년기에 심신 노화에 의한 능력저하나 질병 같은 스트레스가 우울증을 일으킬 수 있습니다.,0
169,노년기에 우울증을 일으킬 수 있는 정신적인 스트레스를 알려 주십시오.,"노년기에는 퇴직이나 이직에 따른 사회적 역할이나 가정 내 역할의 상실, 경제적 빈곤에 따른 스트레스가 우울증을 일으킬 수 있습니다.",0
170,노년기에 우울증을 일으킬 수 있는 정신적인 스트레스를 알려 주십시오.,"노년기에는 자식의 결혼, 분가에 따른 고독이 우울증을 일으킬 수 있습니다.",0
171,노년기에 우울증을 일으킬 수 있는 정신적인 스트레스를 알려 주십시오.,"노년기에는 배우자, 동료와의 사별에 의한 고독이 우울증을 일으킬 수 있습니다.",0
172,저의 누나가 죽고 싶다고 하면서 괴로워합니다. 어떻게 해야 하나요?,자살에 대해 이야기하는 것을 묵살하지 말고 반드시 담당 신경정신과 의사에게 알려야 합니다.,0
173,저의 누나가 죽고 싶다고 하면서 괴로워합니다. 어떻게 해야 하나요?,우울한 사람들은 절망감에 빠져 자신도 모르는 사이에 충동적으로 위험한 행동을 할 수 있습니다.,0
174,저의 누나가 죽고 싶다고 하면서 괴로워합니다. 어떻게 해야 하나요?,가능한한 신속하게 담당 의사에게 알려 적절한 치료를 하는 것이 필요합니다.,0
175,저는 요즘 아무 감정도 느끼지 못하겠고 눈물조차 나지 않아요. 우울한 기분이 아닌데도 우울증일 수 있나요?,그렇습니다.,0
176,저는 요즘 아무 감정도 느끼지 못하겠고 눈물조차 나지 않아요. 우울한 기분이 아닌데도 우울증일 수 있나요?,"우울한 기분이 느껴지지는 않더라도 흥미나 즐거움의 상실, 무감동증 등도 우울증에서 나타날 수 있습니다.",0
177,입맛 좋아진다는 약을 먹은 후 기분이 슬퍼지고 울적해지기도 합니다. 약의 부작용일까요?,충분히 그럴 가능성이 있습니다.,0
178,입맛 좋아진다는 약을 먹은 후 기분이 슬퍼지고 울적해지기도 합니다. 약의 부작용일까요?,"일반적으로 부신피질호르몬제일 경우가 많은데, 처음에는 입맛이 좋아지고 살이 찌며 기분의 변동도 일으킵니다.",0
179,입맛 좋아진다는 약을 먹은 후 기분이 슬퍼지고 울적해지기도 합니다. 약의 부작용일까요?,"어떤 환자는 기분이 좋아지기도 하지만, 우울해지는 경우도 많습니다.",0
180,"제 아이는 중학생인데.. 친구들 사이에서 왕따를 당했습니다.. 학업에 대한 스트레스로 기운이 없고 잠만 자길래 병원에 데려가 심리검사를 했더니 가면성우울증이라고 했습니다. 전 약을 몰래 먹이고 있구요, 다른 우울한 증상이 크게 없으면 약물치료 말고 다른 방법은 없는지 문의 드립니다...",약을 먹든 상담치료를 하든 사실 본질적으로 추구하는 변화는 우울증상의 호전이라는 점에서는 같습니다.,0
181,"제 아이는 중학생인데.. 친구들 사이에서 왕따를 당했습니다.. 학업에 대한 스트레스로 기운이 없고 잠만 자길래 병원에 데려가 심리검사를 했더니 가면성우울증이라고 했습니다. 전 약을 몰래 먹이고 있구요, 다른 우울한 증상이 크게 없으면 약물치료 말고 다른 방법은 없는지 문의 드립니다...","약을 먹을 경우에는 좀 더 그 효과가 빠를 수 있고, 불가피하게 치료의 편의성이 높은 반면 상담치료의 경우에는 장기적으로 하여야 하고, 호전이 되기까지의 시간이 오래 걸리며, 치료의 편의성이 낮아서 치료를 장기간 지속하기가 쉽지 않고, 또한 말수가 적다든지 여러 요인들로 인하여 본인이 원한다고 해서 다 상담치료의 적응증이 되지는 못한다는 실제 임상에서의 차이점들은 존재합니다.",0
182,"제 아이는 중학생인데.. 친구들 사이에서 왕따를 당했습니다.. 학업에 대한 스트레스로 기운이 없고 잠만 자길래 병원에 데려가 심리검사를 했더니 가면성우울증이라고 했습니다. 전 약을 몰래 먹이고 있구요, 다른 우울한 증상이 크게 없으면 약물치료 말고 다른 방법은 없는지 문의 드립니다...",약을 몰래 먹이시는 방법은 현재로서는 어쩔 수 없이 선택하신 것으로 생각됩니다.,0
183,"제 아이는 중학생인데.. 친구들 사이에서 왕따를 당했습니다.. 학업에 대한 스트레스로 기운이 없고 잠만 자길래 병원에 데려가 심리검사를 했더니 가면성우울증이라고 했습니다. 전 약을 몰래 먹이고 있구요, 다른 우울한 증상이 크게 없으면 약물치료 말고 다른 방법은 없는지 문의 드립니다...",상담치료의 경우에는 치료 받는 아동의 적극적인 참여가 필요하기 때문에 설명하신 예에서 상담치료는 적응증이 되기는 힘들 것으로 생각됩니다.,0
184,"제 아이는 중학생인데.. 친구들 사이에서 왕따를 당했습니다.. 학업에 대한 스트레스로 기운이 없고 잠만 자길래 병원에 데려가 심리검사를 했더니 가면성우울증이라고 했습니다. 전 약을 몰래 먹이고 있구요, 다른 우울한 증상이 크게 없으면 약물치료 말고 다른 방법은 없는지 문의 드립니다...","우울증에 대한 치료방법으로 다른 비약물학적인 경두개 자기자극술이나 바이오피드백, 광치료 등의 기법들도 시술이 되고는 있습니다만, 현재로는 약물치료가 기본이 되고 있습니다.",0
185,"제 아이는 중학생인데.. 친구들 사이에서 왕따를 당했습니다.. 학업에 대한 스트레스로 기운이 없고 잠만 자길래 병원에 데려가 심리검사를 했더니 가면성우울증이라고 했습니다. 전 약을 몰래 먹이고 있구요, 다른 우울한 증상이 크게 없으면 약물치료 말고 다른 방법은 없는지 문의 드립니다...",현재의 의사선생님께 우선 상의를 하시고 약물치료를 기본으로 하면서 원하시면 다른 보조적인 치료 방법들을 찾아보시는 것이 좋겠습니다.,0
186,통증이 항상 계속되어 우울합니다.우울증에 걸린 것은 아닌지요?,통증이 오래 계속되면 우울해지는 것이 당연합니다.,0
187,통증이 항상 계속되어 우울합니다.우울증에 걸린 것은 아닌지요?,우울한 감정을 느낀다고 해서 모두 우울증에 걸린 것은 아닙니다.,0
188,"일하기 싫고 공부도 하기 싫구요, 피곤하기만 한데, 이것도 우울증인가요?","일반적으로 우울증은 우울기분, 흥미나 즐거움의 상실, 식욕감소와 체중감소, 불면, 초조, 피로와 활력 상실, 죄책감, 사고력이나 집중력의 감소, 죽음에 대한 반복적인 생각 등의 증상이 나타납니다.",1
189,"일하기 싫고 공부도 하기 싫구요, 피곤하기만 한데, 이것도 우울증인가요?","그러므로 꼭 우울한 기분이 없어도 청소년에서는 기분이 과민한 것을 보일 수도 있고, 다른 증상들을 통해 우울증으로 판단할 수 있습니다.",1
190,우울한 기분을 가지는데 불면증이나 식욕저하가 아니라 오히려 잠을 많이 자고 식욕이 넘쳐 과식하게 되어 체중이 증가합니다. 이러한 경우도 우울증인가요?,예.,0
191,우울한 기분을 가지는데 불면증이나 식욕저하가 아니라 오히려 잠을 많이 자고 식욕이 넘쳐 과식하게 되어 체중이 증가합니다. 이러한 경우도 우울증인가요?,우울증의 경우 다른 증상들을 3-4가지 보이면서 잠이 많고 식욕이 더 많아지는 경우가 있습니다.,0
192,우울한 기분을 가지는데 불면증이나 식욕저하가 아니라 오히려 잠을 많이 자고 식욕이 넘쳐 과식하게 되어 체중이 증가합니다. 이러한 경우도 우울증인가요?,전문적으로는 비정형성 우울증이라고도 합니다.,0
193,우울한 기분을 가지는데 불면증이나 식욕저하가 아니라 오히려 잠을 많이 자고 식욕이 넘쳐 과식하게 되어 체중이 증가합니다. 이러한 경우도 우울증인가요?,치료전략이 다소 다르므로 신경정신과 전문의의 정확한 진단과 치료를 받으십시오.,0
194,통증이 오래되면 정신적으로 어떤 영향이 있나요?,"만성 통증은 정신, 심리, 사회적인 면에도 여러 가지 영향을 미치게 됩니다.",0
195,통증이 오래되면 정신적으로 어떤 영향이 있나요?,심리적 반응의 결과 사회적응이 곤란해지고 그 사회적 역할을 충분히 하지 못하게 되는 일도 많습니다.,0
196,통증이 오래되면 정신적으로 어떤 영향이 있나요?,사는 의미를 상실하고 때로는 자신의 실존성을 부정하고 자살을 시도 하는 경우까지도 있을 수 있습니다.,0
197,통증이 오래되면 정신적으로 어떤 영향이 있나요?,만성 통증은 몸과 마음 모두의 문제이며 이러한 문제를 포괄적으로 치료하여야 좋은 결과를 얻을 수 있습니다.,0
198,루푸스가 정신병이나 우울증과도 관련이 있나요?,루푸스는 뇌와 신경 계통을 침범할 수 있으며 이 경우 신경학적 증상이나 신경정신과적 증상을 일으킬 수도 있습니다.,0
199,루푸스가 정신병이나 우울증과도 관련이 있나요?,"신경정신과적 증상으로 생기는 정신병이나 정서의 변화 등은 루푸스 자체의 병세악화 때문인지 약물 부작용인지, 만성 질환에 따른 스트레스 때문인지 구분이 쉽지 않습니다.",0
200,루푸스가 정신병이나 우울증과도 관련이 있나요?,여러 원인을 고려해야 하며 신경정신과와 상담하여 필요시 적절한 치료를 하여 병이 더욱 악화되는 것을 방지해야겠습니다.,0
201,갱년기가 되면 우울증이 옵니까?,갱년기는 월경이 끝나는 시기의 2~3년 전후의 시기를 말하는데 보통 45세부터 55세 정도의 시기를 말합니다.,0
202,갱년기가 되면 우울증이 옵니까?,"월경의 변화로 기인되는 여러 가지 요인 중 특히 호르몬 작용의 변화, 임신할 수 있는 여성으로서의 자격 상실 등 여성으로서 위치가 점점 위태롭게 되는 중년기입니다.",0
203,갱년기가 되면 우울증이 옵니까?,갱년기 때 우울증에 걸리기 쉽습니다.,0
204,갱년기가 되면 우울증이 옵니까?,흔히 갱년기 증후군으로만 인식하여 호르몬 치료 정도로 그치는 경우가 많습니다.,0
205,뇌손상 후 우울증이 많이 생기나요?,뇌의 손상이 뇌의 앞쪽(전두엽)에 가까울수록 심합니다.,0
206,뇌손상 후 우울증이 많이 생기나요?,좌측 뇌에 손상이 있을 경우 우울증이 더 많이 발생합니다.,0
207,뇌손상 후 우울증이 많이 생기나요?,우울증이 있을 경우의 증상은 힘이 없으며 의욕을 잃은 듯한 표정 및 행동을 보입니다.,0
208,뇌손상 후 우울증이 많이 생기나요?,"우울증이 있을 경우 잠을 자지 못하는 경우가 많으며, 말없이 가만히 있는 경우가 많게 됩니다.",0
209,뇌손상 후 우울증이 많이 생기나요?,"우울증이 있을 경우 재활치료를 하는데, 많은 장애를 초래하므로 심리치료 및 약물치료가 필요합니다.",0
210,뇌손상 후 우울증이 많이 생기나요?,비록 장애인이 되었지만 환자 자신이 가족에게 꼭 필요한 존재라는 것을 인식시키도록 가족들의 사랑이 필요합니다.,0
211,"우울증은 마음의 병으로 알고 있는데, 약을 안먹고 치료할 수는 없나요?",우울증의 원인은 여러 가지가 있을 수 있는데 그중 뇌의 생화학물질의 불균형으로 인해 나타나는 경우도 있습니다.,0
212,"우울증은 마음의 병으로 알고 있는데, 약을 안먹고 치료할 수는 없나요?","우울증의 원인을 찾아서 그에 맞는 약물투여를 통해 교정을 해주는 것이 중요하며, 약물치료 이외에도 지지정신치료, 인지행동치료, 광선치료, 전기경련요법 등이 도움이 될 수 있습니다.",0
213,우울증 치료할 때 어떤 경우에 입원을 해야 하나요?,"우울증의 증상을 발견한 후 빠른 회복이 필요한 경우, 환청이나 죄책망상 등과 같은 정신병적 증상이 동반된 경우, 자살이나 타인에 대한 위해가 우려가 될 경우, 치료 약물을 복용하였지만 부작용이 너무 심해서 견디지를 못하는 경우, 가족들과의 관계가 너무 악화되어 격리를 하는 것이 환자에게 도움이 될 경우 등 많은 경우에 입원치료를 하는 것이 외래치료보다 도움이 될 수 있습니다.",0
214,우울증에 걸리면 어떤 경우에 병원에 가야 하나요?,"대부분의 사람들은 살아가면서 어느 정도의 좌절과 괴로움, 우울증을 겪게 됩니다.",0
215,우울증에 걸리면 어떤 경우에 병원에 가야 하나요?,"일상적인 가정생활, 사회생활, 직장생활에 지장을 주고, 자신이나 타인에게 위해를 가할 수 있는 상황이 된다면 병원을 방문하여 적절한 진단과 치료를 받는 것이 필요합니다.",0
216,환자가 자살을 생각할 때 미리 알아차릴 수 있는 방법은 없나요?,정신분열병의 자살은 예고 없이 급작스럽게 일어나는 경우가 많습니다.,0
217,환자가 자살을 생각할 때 미리 알아차릴 수 있는 방법은 없나요?,"장래에 대한 계획이 전혀 없거나, 자신이 평소 아끼던 물건이나 소유물을 주변사람에게 주거나, 장례절차나 유산문제 등을 알아보고 확인하거나, 자살에 대해 구체적인 계획을 세운다면 위험하다고 봐야합니다.",0
218,환자가 자살을 생각할 때 미리 알아차릴 수 있는 방법은 없나요?,"평소보다 더 차분하고 조용해진다거나, 자살하겠다고 위협적으로 말을 하거나, 유언을 남긴다면 위험하다고 봐야합니다.",0
219,환자가 자살을 생각할 때 미리 알아차릴 수 있는 방법은 없나요?,우울하다가 하던 일을 갑자기 그만두거나 할 때 위험하다고 봐야 합니다.,0
220,환자가 자살을 생각할 때 미리 알아차릴 수 있는 방법은 없나요?,나 죽을 거야' ' 죽고 싶어'라고 슬쩍 지나치 듯 하는 말을 무시해서는 안됩니다.,0
221,환자가 자살을 생각할 때 미리 알아차릴 수 있는 방법은 없나요?,대화를 통하여 환자의 마음 상태에 대해 잘 알아보고 정신건강의학과 의사의 조언을 구해야 합니다.,0
222,정신분열병 환자가 자살할 확률은 어느 정도인가요? 또 그 이유는 무엇인가요?,정신분열병 환자는 대체로 일반인보다 자살할 확률이 높습니다.,0
223,정신분열병 환자가 자살할 확률은 어느 정도인가요? 또 그 이유는 무엇인가요?,20년 간 환자를 조사해 보면 약 절반의 숫자가 수에서 자살을 시도하는 경향이 있습니다.,0
224,정신분열병 환자가 자살할 확률은 어느 정도인가요? 또 그 이유는 무엇인가요?,정신분열병 환자 중 젊은 남자 또는 실직이나 우울증이 겹치는 사람의 경우에 특히 위험합니다.,0
225,정신분열병 환자가 자살할 확률은 어느 정도인가요? 또 그 이유는 무엇인가요?,자살하는 이유로는 급성기에는 피해적인 망상 때문에 그것이 괴로워서 자살하는 경우도 있습니다.,0
226,정신분열병 환자가 자살할 확률은 어느 정도인가요? 또 그 이유는 무엇인가요?,"병에 걸려 불치일 것이라거나 희망이 없다는 생각, 병을 앓은 후에 겹치는 우울증, 직장을 잃거나 경제적 어려움, 주위 사람들로부터의 고립에 의한 실망, 좌절 등 때문입니다.",0
227,"나는 우울할 때가 대부분이고, 기분이 떴다고 느낀 적은 한번 밖에 없었어요. 그런데도 제가 조울증인가요?",조울증은 단 한번의 조증 시기나 경조증 시기가 있었더라도 진단이 됩니다.,0
228,"나는 우울할 때가 대부분이고, 기분이 떴다고 느낀 적은 한번 밖에 없었어요. 그런데도 제가 조울증인가요?",우울증이라고 진단을 하려면 단 한번의 조증이나 경조증 시기도 없어야 합니다.,0
229,"나는 우울할 때가 대부분이고, 기분이 떴다고 느낀 적은 한번 밖에 없었어요. 그런데도 제가 조울증인가요?",조증이나 경조증 삽화가 한번이라도 있는 경우에는 현재 증상이 우울증에 합당하다 하더라도 우울증이라고 하지 않고 조울증의 우울증 시기라고 말합니다.,0
230,"나는 우울할 때가 대부분이고, 기분이 떴다고 느낀 적은 한번 밖에 없었어요. 그런데도 제가 조울증인가요?","항우울제 사용에 주의가 필요한데, 항우울제를 사용할 경우 조증이나 경조증 증상이 나타날 수 있기 때문입니다.",0
231,우울하던 친구가 갑자기 기분이 좋아졌어요 왜그런거죠?,일반적으로 조증을 조울증이라고도 합니다.,0
232,우울하던 친구가 갑자기 기분이 좋아졌어요 왜그런거죠?,대체로 조증이라는 것이 우울증을 동반하는 경우가 많기 때문입니다.,0
233,우울하던 친구가 갑자기 기분이 좋아졌어요 왜그런거죠?,"대부분의 조증은 우울증 이후에 나타나며, 여자에서는 75%, 남자에서는 67%가 우울증으로 먼저 나타나고, 10-20%로의 환자만이 조증만을 경험하는 것으로 보입니다.",0
234,우울하던 친구가 갑자기 기분이 좋아졌어요 왜그런거죠?,조증의 발병은 수 시간 또는 수일에 걸쳐 빠르게 발현되는 것이 상례이지만 때로는 2-3주에 걸쳐서 서서히 나타날 수도 있습니다.,0
235,우울증은 완치가 가능하나요?,"우울증은 생물학적, 유전적, 정신사회적, 인지적인 여러 요소들이 복합적으로 작용하여 발병합니다.",0
236,우울증은 완치가 가능하나요?,"각자의 원인과 증상에 맞게 적절한 치료를 충분한 기간 동안 받는다면 완치가 가능하며 가정생활, 사회생활, 직장생활 등을 충분히 만족하면서 영위할 수 있습니다.",0
237,뇌졸중 후유증으로는 어떤 증상들이 있습니까?,"뇌졸중의 후유증은 한 번 또는 여러 번의 뇌졸중으로 인한 증상이 완전히 회복되지 않고 남아 있는 것으로서, 반신마비, 사지마비, 구음(발음) 장애, 연하장애(삼키기 어려움), 언어장애, 감각장애, 운동실조, 시야장애, 보행장애, 대소변 못가림, 성격, 판단력, 행동장애, 치매, 우울증 및 정신증상, 감정조절장애 등이 있습니다.",0
238,조울증이란 말을 들었는데 우울증과 같은 말인가요? 만약 다르다면 어떤 차이가 있는지요?,"조울증은 조증, 혹은 조증과 우울증이 교대로 나타나는 것을 말합니다.",0
239,조울증이란 말을 들었는데 우울증과 같은 말인가요? 만약 다르다면 어떤 차이가 있는지요?,정상적으로 기분은 일정범위 내에서 변합니다.,0
240,조울증이란 말을 들었는데 우울증과 같은 말인가요? 만약 다르다면 어떤 차이가 있는지요?,기분변동의 정도와 기간이 정상에 비해 크거나 오래 지속되는 것은 비정상적이라고 할 수 있습니다.,0
241,조울증이란 말을 들었는데 우울증과 같은 말인가요? 만약 다르다면 어떤 차이가 있는지요?,기분이 비정상적으로 들뜬 상태를 조증상태라고 합니다.,0
242,조울증이란 말을 들었는데 우울증과 같은 말인가요? 만약 다르다면 어떤 차이가 있는지요?,"조울증은 남자나 여자가 비슷한 비율로 생기며, 대체로 성인 인구의 약 1%가 조울증을 나타냅니다.",0
243,"집중력 저하, 식욕부진을 보이는 고3 학생의 문제가 무엇인가요? ","고3병이란, 입시 스트레스와 관련되어 청소년기에 발병하는 기분장애, 불안장애, 기타 신경증적 장애 그리고 일부 정신병적 장애 등을 통틀어 일컫는 말입니다.",0
244,"집중력 저하, 식욕부진을 보이는 고3 학생의 문제가 무엇인가요? ",즉 고3병이 모두 우울증은 아니고 환자에 따라 증상들이 다양하게 나타납니다.,0
245,"집중력 저하, 식욕부진을 보이는 고3 학생의 문제가 무엇인가요? ","그중 기분장애로 이환되는 경우가 많은데, 특히 우울 양상을 보이는 경우가 많습니다.",0
246,"집중력 저하, 식욕부진을 보이는 고3 학생의 문제가 무엇인가요? ","잠을 이루기 힘들다든지, 선잠을 잔다든지 또는 식욕부진, 주의력장애, 의욕저하, 우울감, 계속되는 걱정 등의 증상이 나타나고 악화되면서 자신에 대한 무가치감, 타인에 대한 죄책감 등이 동반되다가 자살 사고로 발전할 수도 있습니다.",0
247,"집중력 저하, 식욕부진을 보이는 고3 학생의 문제가 무엇인가요? ","귀하의 자제분도 우울증의 초기 증상들을 보이고 있는 것으로 생각되며, 신경정신과 전문의와 상담해보는 것이 좋겠습니다.",0
248,가출하는 중학생의 가출 원인은 무엇인가요?,"가출하는 아이들의 가출 이유를 분석한 것을 보면, 부모의 무관심이나 가족의 건전하지 못한 사생활(음주 ·구타 ·범죄 ·가정불화 등), 부모가 무조건 야단만 칠 때, 과잉보호, 성적 저하, 학습의욕의 감퇴, 선생님에게 차별대우를 받을 때, 용돈 부족, 불량학생 등의 유혹 때문인 것으로 밝혀지고 있습니다.",0
249,가출하는 중학생의 가출 원인은 무엇인가요?,가출하는 아이들의 가출 이유를 분석한 것을 요약하면 거의 가정과 학교에서의 문제였습니다.,0
250,가출하는 중학생의 가출 원인은 무엇인가요?,우리 나라의 두드러진 특징으로는 학습과 관련된 문제가 대단히 많다는 것입니다.,0
251,가출하는 중학생의 가출 원인은 무엇인가요?,"한국청소년 연구소가 95년 대구지역 청소년들을 대상으로 실시한 설문조사에 따르면, 조사 대상의 70%가 가출 충동을 느낀다고 하였고, 그 이유는 가정 내 문제가 66%로, 압도적으로 많았습니다.",0
252,가출하는 중학생의 가출 원인은 무엇인가요?,"가출한 아이들 중 부모에게 사랑받고 가정이 화목한 집안 아이를 본 적이 있느냐고 질문하면, 그런 애는 한 명도 못 봤다고 대답합니다.",0
253,가출하는 중학생의 가출 원인은 무엇인가요?,"아마도 질문을 하신 어머니께서는 가족에는 아무런 문제가 없다고 하실 수 있지만 그것은 어머니가 보는 견해이고, 아이가 보는 견해는 다를 수도 있습니다.",0
254,가출하는 중학생의 가출 원인은 무엇인가요?,아이와의 진지한 대화가 필요합니다. 처음에는 지속적으로 사소한 일들에 대해 관심을 보여주고 그 관심을 언어로 표현해서 일상적인 대화를 시작한다면 머지않아 좀더 깊은 얘기를 나눌 수 있을 것입니다.,0
255,가출을 자주 하는 아이를 어떻게 해야 더이상 집을 나가지 않게 할까요?,자녀가 얘기를 할 때 다른 일을 하면서 건성으로 듣지 말고 관심을 주십시오.,0
256,가출을 자주 하는 아이를 어떻게 해야 더이상 집을 나가지 않게 할까요?,"자녀가 더 이상 아이로 있고 싶어하지 않는다는 것을 인정하고, 존중하십시오.셋째, 청소년의 입장에서 보려고 노력하고, 그가 겪고 있는 어려움을 공감하며 이해하십시오.",0
257,가출을 자주 하는 아이를 어떻게 해야 더이상 집을 나가지 않게 할까요?,청소년의 물음에 명확한 정보를 주는 것은 좋지만 장황하게 설교하지 마십시오.,0
258,가출을 자주 하는 아이를 어떻게 해야 더이상 집을 나가지 않게 할까요?,청소년의 느낌이나 감정에 대해 이야기할 수 있는 분위기를 만드십시오.,0
259,가출을 자주 하는 아이를 어떻게 해야 더이상 집을 나가지 않게 할까요?,책임감을 부여하십시오.,0
260,가출을 자주 하는 아이를 어떻게 해야 더이상 집을 나가지 않게 할까요?,청소년의 좋은 행동과 나쁜 행동에 대해 설명하고 어떤 영향을 주는지 말하십시오.,0
261,가출을 자주 하는 아이를 어떻게 해야 더이상 집을 나가지 않게 할까요?,"칭찬을 자주 하되 행동에 대해서만, 간략하고 분명하게 하십시오.",0
262,가출을 자주 하는 아이를 어떻게 해야 더이상 집을 나가지 않게 할까요?,모든 문제에 대한 해답을 부모가 주어야 한다고 생각하지 마십시오.,0
263,가출을 자주 하는 아이를 어떻게 해야 더이상 집을 나가지 않게 할까요?,문제에 당면하고 일차적인 책임이 있는 사람은 아이 자신이라는 것을 기억하십시오.,0
264,가출을 자주 하는 아이를 어떻게 해야 더이상 집을 나가지 않게 할까요?,함께 문제를 해결하십시오.,0
265,가출을 자주 하는 아이를 어떻게 해야 더이상 집을 나가지 않게 할까요?,자녀와 함께 집안에 문제가 무엇인지 알아보고 서로 만족할 수 있는 해결책을 찾으십시오.,0
266,가출을 자주 하는 아이를 어떻게 해야 더이상 집을 나가지 않게 할까요?,자식에게 사랑하고 있다는 것을 표현하십시오.,0
267,가출을 자주 하는 아이를 어떻게 해야 더이상 집을 나가지 않게 할까요?,무슨 일이 일어나든 부모가 사랑한다는 것을 확실히 하십시오.,0
268,암에 걸려서 의욕도 없고 기분이 우울해요,암으로 인한 우울증도 생길 수 있습니다.,1
269,암에 걸려서 의욕도 없고 기분이 우울해요,그러므로 신경정신과 치료를 받는 것이 도움이 될 수 있습니다.,1
270,암에 걸려서 의욕도 없고 기분이 우울해요,"자신의 일을 전혀 하지 못 하고, 불면증이나 무기력, 우울감, 절망감, 그리고 심각한 자살사고까지 동반할 정도가 되어 주요 우울증 증상으로 맞는다면 우울증의 치료가 필요하게 됩니다.",1
271,알코올중독과 우울증은 어떤 인과 관계가 있습니까??,"우울증을 일으키는 원인 중에는 물질남용이나 의존에 의해서 일어나는 경우도 많으며, 비신경정신과적인 질환의 치료에 사용되는 약물이나, 신경독성 약물에 노출이 되면서 이차적으로 우울증이 발생하는 경우도 있습니다.",0
272,알코올중독과 우울증은 어떤 인과 관계가 있습니까??,술이나 다른 약물에 의존을 하는 경우도 지속적인 우울증을 가지고 있어서 이것을 해소하기 위해서 자신이 약물에 빠져드는 경우도 많으므로 두 가지 경우 모두 전문의와 상담 후 치료를 하여야 합니다,0
273,청소년 비행이 우울증과 관련있나요?,청소년의 비행은 반사회적 인격장애의 전조증상인 경우도 있고 우울증 때문일 수도 많습니다.,0
274,청소년 비행이 우울증과 관련있나요?,부모와의 의사소통이 안되어 답답한 심정을 가진 아이들이 서로 비슷한 심리적 배척감을 가진 아이들끼리 통하는 면이 있어 어울리다 보면 비행으로 빠지기도 합니다.,0
275,청소년 비행이 우울증과 관련있나요?,겉으로 보면 우울한 것 같지 않지만 자세히 이야기해보면 우울 증세를 발견할 수 있습니다.,0
276,아버님이 고혈압이 있으셔서 아는 사람이 소개해준 고혈압 약을 드신 후로 울적해하고 비관하는 경우가 많아지셨습니다. 약물 때문에도 우울증이 생깁니까?,우울증을 유발하는 약물이 꽤 있습니다.,0
277,아버님이 고혈압이 있으셔서 아는 사람이 소개해준 고혈압 약을 드신 후로 울적해하고 비관하는 경우가 많아지셨습니다. 약물 때문에도 우울증이 생깁니까?,그 중 가장 대표적인 것이 레저핀이라는 고혈압 약입니다.,0
278,아버님이 고혈압이 있으셔서 아는 사람이 소개해준 고혈압 약을 드신 후로 울적해하고 비관하는 경우가 많아지셨습니다. 약물 때문에도 우울증이 생깁니까?,"아무 약이나 자가처방 하지 마시고 특히 고혈압약, 호르몬제의 복용은 의사와 상의하십시오.",0
279,아버님이 고혈압이 있으셔서 아는 사람이 소개해준 고혈압 약을 드신 후로 울적해하고 비관하는 경우가 많아지셨습니다. 약물 때문에도 우울증이 생깁니까?,그렇지만 약물 이외의 다른 원인으로도 우울증이 생길 수 있으니 정밀진단이 필요합니다.,0
280,신체적인 원인에 의한 우울증에는 어떠한 질병이 있습니까?,"갑상선기능항진증, 갑상선기능저하증, 심근경색증, 췌장암 등 여러 종류의 신체질환에 의해서 우울증이 발병할 수 있습니다.",0
281,신체적인 원인에 의한 우울증에는 어떠한 질병이 있습니까?,중요한 것은 종류가 아니라 진단과정의 필요성의 이해입니다.,0
282,신체적인 원인에 의한 우울증에는 어떠한 질병이 있습니까?,"간기능검사, 심장기능검사, 갑상선기능검사, 뇌자기공명촬영, 종합심리검사 등 많은 검사들을 함으로써 이들을 감별해내고 구분할 수 있습니다.",0
283,우울증 진단을 받았는데 납득할 수 없어요,많은 임상가들은 환경으로부터의 스트레스가 우울증과 관계가 있다고 믿고 있습니다.,0
284,우울증 진단을 받았는데 납득할 수 없어요,많은 임상증례를 보면 우울증의 발생에 있어 일생 중 어떤 사건이 원인 또는 유발인자임이 인정되고 있습니다.,0
285,우울증 진단을 받았는데 납득할 수 없어요,현재 처해있는 어려운 상황에 의해서 병적인 우울증이 유발될 수 있습니다.,0
286,우울증 진단을 받았는데 납득할 수 없어요,우울증에 걸릴 수 있는 사람은 그만큼 취약성이 크다고 볼 수 있습니다.,0
287,우울증 진단을 받았는데 납득할 수 없어요,"현재 처해있는 어려운 상황에 의해서 병적인 우울증이 아닌 힘들다는 느낌, 감정 또는 생각을 할 수 있습니다.",0
288,우울증 진단을 받았는데 납득할 수 없어요,그렇다면 힘들다는 느낌과 병적인 우울증의 차이는 무엇일까요?,0
289,우울증 진단을 받았는데 납득할 수 없어요,"힘들다는 느낌과 우울증의 차이는 힘들다는 느낌과 동반된 다른 증상(식욕감소, 수면장애, 의욕감소)과 이런 증상들이 일상생활에 미치는 영향의 정도에 따라서 구분이 됩니다.",0
290,우울증 진단을 받았는데 납득할 수 없어요,병적인 우울증은 일상생활에 지장을 초래하는 경우를 말합니다.,0
291,우울증 진단을 받았는데 납득할 수 없어요,병적인 우울증 상태는 신경정신과 전문의를 통한 치료를 통해서 좋아질 수 있으며 우울증이 개선되면서 현재 처해 있는 어려운 상황을 극복할 수 있는 정신적 에너지를 회복할 수 있을 것입니다.,0
292,요즘 자꾸 예전에 내가 잘못했던 일들이 생각나고 내가 죄인인 것 같아서 사람들 만나기도 겁나서 외출도 하지 않고 있어요. 우울증이 아니라 다른 병이 아닐까요?,우울증이 생기면 정신 에너지가 감소하기 때문에 예전에 가지고 있던 능력이나 기능이 마치 상실된 것 같은 느낌을 받습니다.,1
293,요즘 자꾸 예전에 내가 잘못했던 일들이 생각나고 내가 죄인인 것 같아서 사람들 만나기도 겁나서 외출도 하지 않고 있어요. 우울증이 아니라 다른 병이 아닐까요?,,1
294,요즘 자꾸 예전에 내가 잘못했던 일들이 생각나고 내가 죄인인 것 같아서 사람들 만나기도 겁나서 외출도 하지 않고 있어요. 우울증이 아니라 다른 병이 아닐까요?,이런 상태에서 우울한 느낌을 갖고 생각을 하다보면 우울한 느낌과 관련 있는 과거의 기억들이 예전보다 더 많이 기억이 납니다.,1
295,요즘 자꾸 예전에 내가 잘못했던 일들이 생각나고 내가 죄인인 것 같아서 사람들 만나기도 겁나서 외출도 하지 않고 있어요. 우울증이 아니라 다른 병이 아닐까요?,이런 기억들은 대부분이 실수한 내용이나 작은 것이라도 남에게 피해를 준 일이나 아니면 사소하게 남에게 피해를 받은 일과 섭섭했던 일 등으로 구성됩니다.,1
296,요즘 자꾸 예전에 내가 잘못했던 일들이 생각나고 내가 죄인인 것 같아서 사람들 만나기도 겁나서 외출도 하지 않고 있어요. 우울증이 아니라 다른 병이 아닐까요?,이런 기억들이 반복되면서 우울한 느낌과 함께 과도한 죄책감이나 피해의식 등이 동반될 수 있습니다.,1
297,요즘 자꾸 예전에 내가 잘못했던 일들이 생각나고 내가 죄인인 것 같아서 사람들 만나기도 겁나서 외출도 하지 않고 있어요. 우울증이 아니라 다른 병이 아닐까요?,"우울증에서는 자신이 가치가 없다는 생각, 능력을 상실하였다는 생각, 과도한 죄책감, 피해 의식, 심하면 죽어야 마땅하다는 생각이나 차라리 죽는 것이 더 낫다는 생각이 동반될 수 있으며, 이들도 우울 증상의 일부입니다.",1
298,요즘 자꾸 예전에 내가 잘못했던 일들이 생각나고 내가 죄인인 것 같아서 사람들 만나기도 겁나서 외출도 하지 않고 있어요. 우울증이 아니라 다른 병이 아닐까요?,신경정신과 진료나 치료를 받으실 때 이런 생각들 도 신경정신과 의사에게 말씀하여 우울증 회복을 위한 적극적인 도움을 받으십시오.,1
299,빈둥지 증후군이란 어떤 경우인가요 ?,"갱년기, 즉 중년기의 여성에게 많습니다.",0
300,빈둥지 증후군이란 어떤 경우인가요 ?,"중년기 여성의 경우, 생활도 나아지고 안정되는 시기에 부모들은 노인이 되었고, 자녀들은 성장하여 성인기로 접어듭니다.",0
301,빈둥지 증후군이란 어떤 경우인가요 ?,남편은 직장 경력이 절정에 달하지만 부인은 자아정체감에 부딪치게 됩니다.,0
302,빈둥지 증후군이란 어떤 경우인가요 ?,"노인은 돌아가시거나 치매, 남편은 직장일에 밤새도록 매달리거나 해외 혹은 지방 출장이 잦아지고, 자녀들도 군대 기숙사 해외로 떠납니다.",0
303,빈둥지 증후군이란 어떤 경우인가요 ?,"텅 빈집에 홀로 남아, 마치 비어버린 새둥우리에 홀로 남은 어미새처럼, 허전한 마음으로 인생무상과 허무를 맛보게됨을 빈둥지 증후군이라 합니다.",0
304,병원에서 우울증 진단을 받고 계속 약을 먹었으나 수차례 심하게 재발된 적이 있습니다. 의사는 약을 평생 먹어야 한다고 하는데 오랫동안 약을 먹으면 몸에 해롭지는 않나요?,"여러번 재발하였거나, 심한 정신병적 증상이 동반된 우울증에 걸렸을 경우 장기간 약을 복용해야 하는 경우가 있습니다.",0
305,병원에서 우울증 진단을 받고 계속 약을 먹었으나 수차례 심하게 재발된 적이 있습니다. 의사는 약을 평생 먹어야 한다고 하는데 오랫동안 약을 먹으면 몸에 해롭지는 않나요?,"정확한 진단과 함께 적절한 처방을 받아 약을 복용했을 경우 예상되는 부작용을 최소화할 수 있으며, 장기적인 관점에서도 별다른 문제점이 일어나지 않으니 신경정신과 의사와의 규칙적인 면담을 통해 약을 복용하는 것이 중요합니다.",0
306,우울증 치료 중인데 우울증보다 더 큰 병인것 같아요 어떡하죠?,몸에 힘이 없고 체중이 감소하는 경우 신체적 질환이나 암을 의심할 수도 있으나 이런 증상들이 항상 신체적 질환에 의한 것은 아닙니다.,0
307,우울증 치료 중인데 우울증보다 더 큰 병인것 같아요,내과적 진료를 받는 동안 다른 동반된 증상과 여러 검사를 통해서 신체적 질환이 있는지에 대해서 알 수 있을 것입니다.,0
308,우울증 치료 중인데 우울증보다 더 큰 병인것 같아요,신경정신과 진료에서도 다른 동반된 증상으로 상기 증상이 신체적 질환에 의한 것인지 신경정신과 영역의 우울증이나 다른 불안 장애에 의한 것인지 알 수 있습니다.,0
309,우울증 치료 중인데 우울증보다 더 큰 병인것 같아요,우울증의 경우 슬프다고 느끼거나 불안하거나 주변의 활동에 관심이 떨어지거나 체중의 감소가 일어나거나 의욕이 없어지거나 죄책감이 들거나 집중력 감소가 일어나는 등의 기분이나 정신 활동과 관련된 증상이 함께 동반됩니다.,0
310,우울증 치료 중인데 우울증보다 더 큰 병인것 같아요,우울증 환자는 흔히 자신이 큰 병에 걸린게 아닌가 하는 질병망상이 동반됩니다.,0
311,우울증에도 심각한 증상들이 있나요?,우울증에도 경한 경우에서부터 심각한 경우까지 다양한 증상들이 나타납니다.,0
312,우울증에도 심각한 증상들이 있나요?,"심각한 경우라면 심각한 불면이나 무기력감, 식욕이 지나치게 없어져서 내과적 치료를 필요로 할 정도로 체중이 저하되는 경우, 이유 없는 신체증상이 지속되어서 사회생활이 힘든 경우, 환청, 죄책망상을 동반한 경우 등 여러 가지가 있을 수 있고 또 가장 문제가 되는 것은 역시 자살 또는 자해하는 경우입니다.",0
313,우울증에도 심각한 증상들이 있나요?,처음에는 가벼운 우울증상으로 시작한다고 해도 치료받지 않는 경우 위의 증상들을 동반하는 심각한 우울증으로 발전할 수 있으므로 역시 전문의와 먼저 상담하는 것이 필요하겠습니다.,0
314,친구가 자살할거같아요,빨리 신경정신과 전문의와 상담을 하 여 현재의 상태에 대해 정확한 평가를 하고 필요하다면 치료를 시작하는 것이 좋겠습니다.,0
315,"남편이 우울증으로 치료받고 있습니다. 남편은 우울증을 앓고 난 이후 술, 커피를 이전보다 많이 합니다. 술, 담배 및 커피가 우울증에 어떤 영향이 있는 가에 대해 알고 싶습니다.","술과 카페인 등은 우울증을 야기시키거나 악화시킬 수가 있고, 뇌기능에 영향을 미쳐 기분과 행동에 변화를 초래하기도 합니다.",0
316,"남편이 우울증으로 치료받고 있습니다. 남편은 우울증을 앓고 난 이후 술, 커피를 이전보다 많이 합니다. 술, 담배 및 커피가 우울증에 어떤 영향이 있는 가에 대해 알고 싶습니다.",우울증 환자들은 자신의 고통을 덜기 위해서 술을 찾는 경우가 흔합니다.,0
317,"남편이 우울증으로 치료받고 있습니다. 남편은 우울증을 앓고 난 이후 술, 커피를 이전보다 많이 합니다. 술, 담배 및 커피가 우울증에 어떤 영향이 있는 가에 대해 알고 싶습니다.","일정량 이상 술을 마시면 사고과정이 느려지고, 부적절한 행동이 증가되며 종종 우울증이 심해져 치료가 매우 힘들어지기도 합니다.",0
318,"남편이 우울증으로 치료받고 있습니다. 남편은 우울증을 앓고 난 이후 술, 커피를 이전보다 많이 합니다. 술, 담배 및 커피가 우울증에 어떤 영향이 있는 가에 대해 알고 싶습니다.",카페인에 특히 민감한 환자들은 특히 잠자리에 들기전 6-8시간 동안에는 커피를 마시지 말아야 합니다.,0
319,기분이 우울하고 매사에 흥미가 없습니다.. 어떻게 해야 하나요?,우리는 누구나 여러 가지 스트레스 때문에 우울하게 되는 것을 경험하면서 삽니다.,1
320,기분이 우울하고 매사에 흥미가 없습니다.. 어떻게 해야 하나요?,그 정도가 지나쳐서 일상생활에 지장을 초래할 정도가 되면 우울증이라고 부릅니다.,1
321,기분이 우울하고 매사에 흥미가 없습니다.. 어떻게 해야 하나요?,우울증은 심하더라도 치료하면 대개 좋아질 수가 있습니다.,1
322,기분이 우울하고 매사에 흥미가 없습니다.. 어떻게 해야 하나요?,노인분들은 만성질환이 많고 외로우며 경제적으로 어려운 경우가 많으므로 젊은 사람보다 더 우울증이 많습니다.,1
323,기분이 우울하고 매사에 흥미가 없습니다.. 어떻게 해야 하나요?,"신체적, 사회적 악조건을 갖고 있다고 해서 누구나 우울증이 오는 것은 아닙니다.",1
324,기분이 우울하고 매사에 흥미가 없습니다.. 어떻게 해야 하나요?,"우울증이 있는 노인들이 호소하는 특징 중의 하나는 자기 증상을 애기할때 ‘기분이 우울하다’라고 말하기 보다는 다른 신체 증상, 예를 들면 ‘잠이 안 온다, 기억력이 떨어졌다, 어지럽다’등을 호소한다는 것입니다.",1
325,기분이 우울하고 매사에 흥미가 없습니다.. 어떻게 해야 하나요?,,1
326,기분이 우울하고 매사에 흥미가 없습니다.. 어떻게 해야 하나요?,"우울증 치료는 그 원인을 알아내서 제거하는 것이며, 설령 제거되지는 않더라도 이겨나갈 힘을 갖도록 도와주는 것입니다.",1
327,기분이 우울하고 매사에 흥미가 없습니다.. 어떻게 해야 하나요?,우울증 중에서 증상이 아주 심해서 일상생활을 하는데 필요한 여러 기능에 장애를 일으키는 경우에는 항우울제를 처방받아야 합니다.,1
328,기분이 우울하고 매사에 흥미가 없습니다.. 어떻게 해야 하나요?,부작용이 있을 수 있지만 그리 걱정하실 필요 없고 주치의에게 얘기하면 그에 대한 조치를 받을 수가 있습니다.다만 부작용이 있는데도 그냥 약을 계속 먹거나 해서는 안 됩니다.,1
329,기분이 우울하고 매사에 흥미가 없습니다.. 어떻게 해야 하나요?,,1
330,기분이 우울하고 매사에 흥미가 없습니다.. 어떻게 해야 하나요?,알아두실 흔한 부작용은 입이 마르고 시야가 흐려지며 소변이 잘 안 나오고 심박동이 빨라지며 일어설 때 어지럽고 속이 쓰리며 녹내장이 있던 분은 눈이 충혈되고 통증이 오면서 악화가 될 수 있으며 일부에서는 의식이 혼미해지고 이상한 행동을 하기도 합니다.,1
331,기분이 우울하고 매사에 흥미가 없습니다.. 어떻게 해야 하나요?,이상의 부작용이 생기면 놀라지 마시고 주치의에게 알려주십시오.,1
332,기분이 우울하고 매사에 흥미가 없습니다.. 어떻게 해야 하나요?,"이런 부작용으로 항우울제를 복용하지 못하게 되는 경우는 흔하지 않고, 용량조절이나 다른 약물로 교체하여 대부분 해결 가능합니다.",1
333,기분이 우울하고 매사에 흥미가 없습니다.. 어떻게 해야 하나요?,"2주 이상 만사가 귀찮고 우울한 기분이 들 때, 자살시도에 대한 증거나 암시가 있을 때, 약 복용시 부작용이 있을 때, 눈이 갑자기 아파질 때, 소변이 잘 안나올 때, 심박동이 이상하고 어지러울 때는 병원에 가셔야합니다.",1
334,기분부전장애는 주요우울증과 관련있습니까?,기분부전장애란 주요우울증 보다는 정도가 가볍지만 만성적으로 지속되는 우울증을 말합니다.,0
335,기분부전장애는 주요우울증과 관련있습니까?,"대개 2년이상 우울한 기분과 더불어 자존심의 저하, 자책감, 결정내리는데 어려움, 우유부단함, 생산성의 저하, 비능률, 장래에 대한 비관등 여러 증상으로 불편한 학업이나 직장생활 들을 하지만 우울증을 겪고 있다는 것을 모르고 있습니다.",0
336,기분부전장애는 주요우울증과 관련있습니까?,때때로 주요우울증으로 발전되어 함께 공존할 경우 이중 우울증이라고도 합니다.,0
337,가슴이 두근거리는 증상이 있어서 내과 진료를 받았습니다. 내과에서는 아무 이상이 없다고 하는데 가슴이 두근거리는 증상은 계속되고 있습니다. 제가 우울증인가요?,우울증의 증상으로 가슴이 두근거리는 등의 불안 증상이 나타날 수 있습니다.,0
338,가슴이 두근거리는 증상이 있어서 내과 진료를 받았습니다. 내과에서는 아무 이상이 없다고 하는데 가슴이 두근거리는 증상은 계속되고 있습니다. 제가 우울증인가요?,"불안과우울감, 식욕부진, 수면장애가 같이 동반되어 일상 생활에 방해가 있는 경우에는 이런 증상들이 주요 우울증이나 불안 장애 때문인지에 대해서 신경정신과적 진료를 받을 필요가 있습니다.",0
339,43세의 직장여성인데 우울증 진단을 받고 약을 복용하고 있습니다. 일상생활이 바빠 약물 복용을 빠뜨릴 때가 있습니다. 이런 경우에는 문제가 없나요?,"약물을 규칙적으로 복용하는 것이 가장 좋습니다만, 노력함에도 불구하고 잘 지켜지지 않는 경우가 많이 있습니다.",0
340,43세의 직장여성인데 우울증 진단을 받고 약을 복용하고 있습니다. 일상생활이 바빠 약물 복용을 빠뜨릴 때가 있습니다. 이런 경우에는 문제가 없나요?,"어떤 분들은 다음날에 그 전날 복용하지 않았던 약물까지 합쳐서 두배의 용량을 복용하는 경우도 있는데, 이것은 잘못된 방법이고 가급적이면 원래의 용량대로 복용해야 합니다.",0
341,43세의 직장여성인데 우울증 진단을 받고 약을 복용하고 있습니다. 일상생활이 바빠 약물 복용을 빠뜨릴 때가 있습니다. 이런 경우에는 문제가 없나요?,"정해진 시간외의 다른 시간에 약물을 복용했을 경우에는 낮시간에 지나치게 졸리거나 집중력의 저하, 불면증 등의 다른 부작용을 경험하게 되는 수가 있습니다.",0
342,"42세의 주부인데, 두달전 이혼한 후에 매사가 귀찮고 사람들 만나기가 싫고 재미가 없으며 쉽게 피곤해지고 입맛도 없습니다. 잠을 자도 개운하지가 않고 죽고 싶은 생각이 들기도 합니다. 어떻게 해야 하나요?",이혼과 같은 심한 스트레스성 사건을 겪고 나서 어느 정도는 적응장애나 우울증의 증상이 나타날 수 있습니다.,0
343,"42세의 주부인데, 두달전 이혼한 후에 매사가 귀찮고 사람들 만나기가 싫고 재미가 없으며 쉽게 피곤해지고 입맛도 없습니다. 잠을 자도 개운하지가 않고 죽고 싶은 생각이 들기도 합니다. 어떻게 해야 하나요?","하지만 그 정도가 너무 심하여 일상생활을 하지 못할 정도이거나, 자살사고, 정신병적 사고 등이 나타난다면 우울증을 생각해 보아야 하며, 적절한 치료가 필요합니다.",0
344,우울증은 나이가 들면 당연히 오는 것 아닌가요? 시아버님이 올해 73세로 비교적 건강하신데도 병원에서는 건강때문이 아니라 너무 의욕이 없고 만사 귀찮아하는 것과 선잠을 주무신다고 신경정신과 치료를 받으라는데요.,"노인에게는 특히 가까운 친족, 친구의 죽음이나 은퇴, 신체기능의 약화 같은 상실감을 많이 경험하게 됩니다.",0
345,우울증은 나이가 들면 당연히 오는 것 아닌가요? 시아버님이 올해 73세로 비교적 건강하신데도 병원에서는 건강때문이 아니라 너무 의욕이 없고 만사 귀찮아하는 것과 선잠을 주무신다고 신경정신과 치료를 받으라는데요.,모든 노인이 우울증을 가지는 것은 아니지만 노인에게 우울증이 흔하기 때문에 우울증상을 당연한 것으로 알고 진단과 치료를 받지 않는 것도 잘못된 것입니다.,0
346,우울증은 나이가 들면 당연히 오는 것 아닌가요? 시아버님이 올해 73세로 비교적 건강하신데도 병원에서는 건강때문이 아니라 너무 의욕이 없고 만사 귀찮아하는 것과 선잠을 주무신다고 신경정신과 치료를 받으라는데요.,노인성 우울증은 신체적 증상 및 인지 장애에 가려 제대로 치료를 못 받는 경우가 많이 있습니다.,0
347,우울증은 나이가 들면 당연히 오는 것 아닌가요? 시아버님이 올해 73세로 비교적 건강하신데도 병원에서는 건강때문이 아니라 너무 의욕이 없고 만사 귀찮아하는 것과 선잠을 주무신다고 신경정신과 치료를 받으라는데요.,"치료를 받지 못하면 우울증으로 절망에 사로잡혀 지내거나 영양실조, 신체질환, 자살 등의 심각한 문제를 유발하게 됩니다.",0
348,우울증으로 약물치료를 받은 지 한달 정도 되었어요. 의사 선생님은 저더러 좋아졌다고 해요. 하긴 잠은 잘 자게 되었고 식욕도 어느 정도 돌아온 것 같기는 해요. 그런데 전 여전히 의욕이 없거든요? 약물이 효과가 없는 것은 아닌가요?,아닙니다.,0
349,우울증으로 약물치료를 받은 지 한달 정도 되었어요. 의사 선생님은 저더러 좋아졌다고 해요. 하긴 잠은 잘 자게 되었고 식욕도 어느 정도 돌아온 것 같기는 해요. 그런데 전 여전히 의욕이 없거든요? 약물이 효과가 없는 것은 아닌가요?,항우울제로 치료할 경우 우울증의 여러 가지 증상들 중에 먼저 좋아지는 것과 나중에 좋아지는 증상이 있습니다.,0
350,우울증으로 약물치료를 받은 지 한달 정도 되었어요. 의사 선생님은 저더러 좋아졌다고 해요. 하긴 잠은 잘 자게 되었고 식욕도 어느 정도 돌아온 것 같기는 해요. 그런데 전 여전히 의욕이 없거든요? 약물이 효과가 없는 것은 아닌가요?,수면장애와 식욕은 항우울제 치료 후 먼저 좋아지는 증상들입니다.,0
351,우울증으로 약물치료를 받은 지 한달 정도 되었어요. 의사 선생님은 저더러 좋아졌다고 해요. 하긴 잠은 잘 자게 되었고 식욕도 어느 정도 돌아온 것 같기는 해요. 그런데 전 여전히 의욕이 없거든요? 약물이 효과가 없는 것은 아닌가요?,"불안감, 우울감, 희망이 없는 느낌 등은 그 다음에 좋아지며, 의욕저하, 집중력감퇴, 성욕감퇴 등도 비교적 늦게 좋아지는 증상입니다.",0
352,우울증으로 약물치료를 받은 지 한달 정도 되었어요. 의사 선생님은 저더러 좋아졌다고 해요. 하긴 잠은 잘 자게 되었고 식욕도 어느 정도 돌아온 것 같기는 해요. 그런데 전 여전히 의욕이 없거든요? 약물이 효과가 없는 것은 아닌가요?,"한달 정도 치료받은 경우라면, 수면과 식욕에서 증상호전이 있는 것으로 보아 아직 약물이 효과가 없다고 보기에는 이른 것 같습니다.",0
353,우울증으로 약물치료를 받은 지 한달 정도 되었어요. 의사 선생님은 저더러 좋아졌다고 해요. 하긴 잠은 잘 자게 되었고 식욕도 어느 정도 돌아온 것 같기는 해요. 그런데 전 여전히 의욕이 없거든요? 약물이 효과가 없는 것은 아닌가요?,주변에서 볼 때는 호전된 것처럼 보이는데도 본인 스스로의 생각에는 좋아지지 않았다고 생각할 수도 있습니다.,0
354,우울증으로 약물치료를 받은 지 한달 정도 되었어요. 의사 선생님은 저더러 좋아졌다고 해요. 하긴 잠은 잘 자게 되었고 식욕도 어느 정도 돌아온 것 같기는 해요. 그런데 전 여전히 의욕이 없거든요? 약물이 효과가 없는 것은 아닌가요?,꾸준히 약물을 복용하는 것이 중요합니다.,0
355,"우울증 환자들이 누워있는 시간이 많은데, 실제로 잠이 많아지는 것입니까?",수면장애는 우울증과 양극성 장애와 같은 기분장애의 특징적인 증상입니다.,0
356,"우울증 환자들이 누워있는 시간이 많은데, 실제로 잠이 많아지는 것입니까?","우울증에서는 불면이나 과다 수면과 관계가 있고, 조증은 수면 욕구의 감소와 관련이 있습니다.",0
357,"우울증 환자들이 누워있는 시간이 많은데, 실제로 잠이 많아지는 것입니까?","우울증 환자는 저하된 의욕과 우울한 기분 때문에 낮 시간에도 누워있으려하는 경향이 있지만, 이들은 실제 정상인 보다 숙면을 취하기 힘들고, 총 수면 시간은 정상인 보다 오히려 짧은 경우가 많습니다.",0
358,"우울증 환자들이 누워있는 시간이 많은데, 실제로 잠이 많아지는 것입니까?",우울증 환자는 수면 주기가 흐트러지므로 만성적인 피곤함을 호소합니다.,0
359,우울증 환자가 있는데 가족들은 어떻게 해야 하나요?,우울증 환자를 도와주는 가장 중요한 것은 정확한 진단과 치료를 받게 하는 것입니다.,0
360,우울증 환자가 있는데 가족들은 어떻게 해야 하나요?,"증상이 좋아질 때까지 계속 치료를 받게 하고, 호전이 없을 경우 다른 치료를 받을 수 있도록 격려해주고 도와주는 것입니다.",0
361,우울증 환자가 있는데 가족들은 어떻게 해야 하나요?,"다음으로 중요한 것은 환자를 이해하고 공감해주고, 인내하는 것이며 환자의 고통을 같이 느끼면서 나누는 것입니다.",0
362,우울증 환자가 있는데 가족들은 어떻게 해야 하나요?,너무 조급하게 환자를 압박한다면 오히려 좌절감과 부적절한 느낌을 증가시킬 수 있기 때문에 서서히 그리고 꾸준하게 좋아질 것이라는 믿음을 가지고 대하는 것이 중요합니다.,0
363,우울증 진단을 받고 약을 복용하고 있습니다. 집에서 자꾸 보약을 먹으라고 하는데 한약재를 같이 복용하여도 별다른 문제가 없나요?,주치의와 상담하는 것이 중요합니다.,0
364,우울증 진단을 받고 약을 복용하고 있습니다. 집에서 자꾸 보약을 먹으라고 하는데 한약재를 같이 복용하여도 별다른 문제가 없나요?,"한약재도 좋은 효과를 볼 수 있기는 하지만 성분이 명확하지 않은 약재가 많으며, 지금 복용하고 있는 신경정신과 약물의 작용에 영향을 주어 약물의 효과가 바뀔 수 있습니다.",0
365,우울증 진단을 받고 약을 복용하고 있습니다. 집에서 자꾸 보약을 먹으라고 하는데 한약재를 같이 복용하여도 별다른 문제가 없나요?,한약재 뿐만 아니라 어떤 다른 약물을 복용할 때에도 담당 신경정신과 의사와 상의를 한 후에 복용하는 것이 중요합니다.,0
366,우리나라의 노인성 우울증 발생 추세는 어떻게 되나요?,우울증상의 유병율은 연구대상 인구의 특성에 따라 많은 차이가 있습니다.,0
367,우리나라의 노인성 우울증 발생 추세는 어떻게 되나요?,"대표적 우울증인 주요 우울증 유병율은 65세 이상의 인구에서 1~2%이지만, 약 27%에서 우울 증상을 보인다고 보고되어 있습니다.",0
368,우리나라의 노인성 우울증 발생 추세는 어떻게 되나요?,일반적으로 지역사회 노인들의 우울증상의 유병율은 10~40%로 매우 다양하며 기관에 요양 중에 있거나 병원에 입원한 환자들에서는 훨씬 더 높은 것으로 보고되고 있습니다.,0
369,우리나라의 노인성 우울증 발생 추세는 어떻게 되나요?,신체적 증상을 동반한 노인들의 경우는 20~30%가 우울증을 가지고 있다고 보고되어 있습니다.,0
370,우울증으로 치료중인데 언제까지 약을 먹어야 하나요??,우울증에서 회복이 된 후에도 약물을 1년 이상 계속 복용해야 재발을 막을 수 있습니다.,0
371,우울증으로 치료중인데 언제까지 약을 먹어야 하나요??,불행히 많은 환자는 의사의 이런 권고를 무시한 채 이제는 다 나았는데 하고 예방적 유지치료를 중단함으로써 재발이 됩니다.,0
372,우울증으로 치료중인데 언제까지 약을 먹어야 하나요??,재발이 잦을수록 치료는 더 힘들어지고 더 오래 걸립니다.,0
373,우울증으로 치료중인데 언제까지 약을 먹어야 하나요??,정신병적 증상이 동반된 우울증이나 자주 재발되었던 경우에는 더 오랜 기간동안 약물치료를 유지해야 합니다.,0
374,우울증으로 치료중인데 언제까지 약을 먹어야 하나요??,개인별로 차이가 많이 있기 때문에 담당 신경정신과 의사와 상의하여 결정해야 합니다.,0
375,홧병(화병)은 우울증과 다른가요?,비슷합니다.,0
376,홧병(화병)은 우울증과 다른가요?,한국사람들의 우울증의 특징은 신체적 증상의 호소가 서양사람보다 많다는 점이 차이가 납니다.,0
377,홧병(화병)은 우울증과 다른가요?,"문화적으로 한의 문화, 고부간의 갈등이 너무 심하다느니, 말 못하고 참고 살아왔느니, 이러한 문제들이 많아 한국인들의 특성으로 보는 경향도 있습니다.",0
378,홧병(화병)은 우울증과 다른가요?,"한국 여성의 경우 만성적인 두통, 소화불량, 가슴앓이, 통증, 마비 등 신체화되는 경향을 많이 보입니다.",0
379,홧병(화병)은 우울증과 다른가요?, 홧병(화병)이라고도 불리우는 이런 우울증도 심해지기 전에 치료를 해야 함은 같습니다.,0
380,친구의 가족들이 사고를 당해 사망하였습니다. 몹시 슬퍼하던데 그러다가 우울증이 생기는 것 아닐까요?,가까운 가족을 잃었다면 그 슬픔은 말로 표현할 수 없을 겁니다.,0
381,친구의 가족들이 사고를 당해 사망하였습니다. 몹시 슬퍼하던데 그러다가 우울증이 생기는 것 아닐까요?,간혹 그런 일을 계기로 우울증이 발병하는 경우도 있습니다.,0
382,친구의 가족들이 사고를 당해 사망하였습니다. 몹시 슬퍼하던데 그러다가 우울증이 생기는 것 아닐까요?,그런데 많은 사람들은 그러한 애도 과정의 일부로 우울 증상을 경험하고 어느 정도 시간이 지나면 그 슬픔에서 헤어나옵니다.,0
383,친구의 가족들이 사고를 당해 사망하였습니다. 몹시 슬퍼하던데 그러다가 우울증이 생기는 것 아닐까요?,오히려 애도기간 중 슬퍼하지 못하면 나중에 큰 병이 생기는 수가 있습니다.,0
384,친구의 가족들이 사고를 당해 사망하였습니다. 몹시 슬퍼하던데 그러다가 우울증이 생기는 것 아닐까요?,"기간이 너무 오래가거나, 직장에 복귀하기 어렵다든지, 가정주부 역할에 지장이 있을 경우, 또는 병적인 죄책감이나 자살 사고 등과 같은 심한 죄책감이 동반되었을 때는 우울증을 의심해봐야 합니다.",0
385,출산을 앞둔 주부입니다. 아기를 낳은 후 우울증이 생긴다는 얘기도 있던데 사실입니까?,출산 후 누구나 경미한 우울한 기분을 가질 수 있습니다.,0
386,출산을 앞둔 주부입니다. 아기를 낳은 후 우울증이 생긴다는 얘기도 있던데 사실입니까?,대부분 곧 회복되고 일부 환자는 심한 증세를 보이기도 합니다.,0
387,출산을 앞둔 주부입니다. 아기를 낳은 후 우울증이 생긴다는 얘기도 있던데 사실입니까?,"출산으로 인한 호르몬의 변화, 수면부족, 아이의 탄생으로 인한 환경의 변화, 아이를 키워야하는 부담감들이 복합적으로 작용하기 때문입니다.",0
388,출산을 앞둔 주부입니다. 아기를 낳은 후 우울증이 생긴다는 얘기도 있던데 사실입니까?,"증상이 너무 오래가거나 지나친 죄책감, 망상, 환청 등의 정신병적 증상이 동반될 경우에는 신경정신과 의사의 치료가 필요합니다.",0
389,출산을 앞둔 주부입니다. 아기를 낳은 후 우울증이 생긴다는 얘기도 있던데 사실입니까?,아주 드물게는 출산 후에 부인대신 남편이 우울증에 빠지는 수도 있습니다.,0
390,처음 우울증에 걸려 3개월 정도 약을 복용하고 호전이 되었으며 지금은 유지치료를 하고 있습니다. 그런데 6개월 정도 지나 조증의 증상이 나타납니다. 약물 때문에 그런 건가요?,"조증의 증상이 나타난 것은 약물에 의해서 그럴 수도 있지만, 병의 특성이 조증과 우울증을 교대로 보이는 조울병의 양상을 띠고 있기 때문에 그럴 수도 있습니다.",0
391,처음 우울증에 걸려 3개월 정도 약을 복용하고 호전이 되었으며 지금은 유지치료를 하고 있습니다. 그런데 6개월 정도 지나 조증의 증상이 나타납니다. 약물 때문에 그런 건가요?,"자세한 병력과 약물에 대한 반응을 검토해 볼 필요가 있으며, 신경정신과 의사와의 규칙적인 면담을 통해 조절하는 것이 필요합니다.",0
392,주부 우울증은 어떤 경우에 발병합니까?,"결혼을 하여 아이가 하나 둘 있는 주부들은 아이들이 어느 정도 자라면서 한시름 놓기가 무섭게, 자녀 교육열과 가계 경제사이에 현실적인 괴리를 느끼기 일쑤입니다.",0
393,주부 우울증은 어떤 경우에 발병합니까?,"남편은 중진으로 안정되어도 심리사회적 스트레스가 많고 이를 견디느라 힘들어하고, 일벌레인 경우는 부부간의 애정을 확인할 시간조차 없이 짐스러워하며 무관심한 시기를 가지기도 합니다.",0
394,주부 우울증은 어떤 경우에 발병합니까?,개인적인 성장과 성취욕구를 만족하지 못한 채 고민하며 외로워하면서 앞서 언급한 우울 증상이 시작되고 나를 희생하고 헛살아왔다는 생각이 들면서 점점 우울증이 심화되기 쉽습니다.,0
395,저의 괴로움을 어느 누구도 이해해주지 못합니다. 병원에 가서도 마찬가지일 것 같은데 어떻게 해야 하나요.,"우울증에 걸린 사람들은 자신에게는 불행한 일만 일어난다고 생각하고, 사소한 일들을 크게 확대하며 앞날을 비관적으로 생각하는 경향이 있습니다.",1
396,저의 괴로움을 어느 누구도 이해해주지 못합니다. 병원에 가서도 마찬가지일 것 같은데 어떻게 해야 하나요.,우울증에 걸린 사람들은 자신에게 닥친 불행은 어느 누구도 도와주지 못하고 희망이 없다고 생각하기도 합니다.,1
397,저의 괴로움을 어느 누구도 이해해주지 못합니다. 병원에 가서도 마찬가지일 것 같은데 어떻게 해야 하나요.,신경정신과 의사와의 충분한 상담과 면담을 통해 자신의 사고방식을 검토해보고 적절하게 대처하는 것이 필요합니다.,1
398,우울증과 자살 위험이 관계 있나요?,자살은 우울증에서 생길 수 있는 가장 불행하고 위험한 결과입니다.,0
399,우울증과 자살 위험이 관계 있나요?,일반적으로 우울증 환자의 약 15%는 자살을 하는 것으로 알려져 있습니다.,0
400,우울증과 자살 위험이 높다고 해서 걱정됩니다.,우울증에 대한 적절한 치료와 가족들의 교육을 병행한다면 환자의 자살율은 매우 감소될 것입니다.,1
401,우울증 치료중인데 임신을 준비하려고 합니다. 약물이 문제가 될까요?,약물이 태아에 영향을 줄 수 있으므로 주의를 기울여야 합니다.,0
402,우울증 치료중인데 임신을 준비하려고 합니다. 약물이 문제가 될까요?,"우울증의 원인, 증상의 심각도, 기간, 약물의 종류 등에 따라 치료 방침이 달라집니다.",0
403,우울증 치료중인데 임신을 준비하려고 합니다. 약물이 문제가 될까요?,당신의 상태를 가장 잘 알고 있는 주치의와 상담하는 것이 원칙입니다.,0
404,우울증 치료중인데 임신을 준비하려고 합니다. 약물이 문제가 될까요?,"생물학적인 원인이 많은 경우라면 약을 유지하는 쪽을 고려하고, 심리사회적 요인이 많은 경우라면 약을 끊고 정신치료를 받을 수 있습니다.",0
405,우울증 치료중인데 임신을 준비하려고 합니다. 약물이 문제가 될까요?,첫 발병이라면 약물치료가 끝난 후에 임신하는 것도 방법일 수 있습니다.,0
406,우울증 치료중인데 임신을 준비하려고 합니다. 약물이 문제가 될까요?,증상이 심한 경우라면 약물을 끊는 것은 상당히 주의해야 합니다.,0
407,우울증 치료중인데 임신을 준비하려고 합니다. 약물이 문제가 될까요?,또한 약물이 모유를 통하여 태아에 영향을 미칠 수 있기 때문에 수유를 계획하고 있는 산모의 경우에도 신경정신과 의사와 사전에 상의해야 합니다.,0
408,입시에 실패해서 우울한데 병인가요?,입시에 실패하거나 증권에 투자해서 많은 돈을 잃어버리거나 혹은 실직을 하게 되는 경우에 누구나 우울하고 실의에 빠지는 것은 당연합니다.,1
409,입시에 실패해서 우울한데 병인가요?,가족들의 위로나 격려를 받게 되고 친구들과 여행이라도 하고나면 다소 나아집니다.,1
410,입시에 실패해서 우울한데 병인가요?,이러한 상태는 정상반응이거나 또는 우울감을 가지는 적응장애를 의심해 볼 수 있습니다.,1
411,입시에 실패해서 우울한데 병인가요?,다소 힘들었지만 곧 적응을 잘하게 되면 병이라고 하지 않습니다.,1
412,입시에 실패해서 우울한데 병인가요?,적응이 곤란하고 지속적으로 우울해지고 앞에 소개하는 증상들이 많이 나타난다면 상담을 받아보십시오.,1
413,우울증은 유전이 됩니까?,우울증의 원인이 정확히 밝혀지지는 않았지만 우울증의 가계에서 우울증 환자가 많이 발생하는 경향이 있습니다.,0
414,우울증은 유전이 됩니까?,"어떤 연구에서는 일란성 쌍둥이에서는 68%, 이란성 쌍둥이에서는 23%의 일치율을 보인다고 합니다.",0
415,우울증은 유전이 됩니까?,유전 외의 요인이 많이 관여하므로 유전적 소인이 큰 사람에 있어서 환경적 요인이 축적되어 어느 한계를 넘으면 발병한다는 것이 지금까지의 정설입니다.,0
416,남자는 우울증에 안 걸리나요?,여자가 남자보다 더 잘 발병하는 것은 사실이지만 남자는 우울증에 안 걸린다는 말은 잘못된 상식입니다.,0
417,남자는 우울증에 안 걸리나요?,여자는 평생동안 10~25%가 남자는 평생동안 5~12%가 적어도 한번은 우울증에 걸린다고 합니다.,0
418,10년전 부터 심한 피로 증상를 느끼는데 병원에 다녀도 병명이 없어요. 의사선생님이 신경성이라는데 맞나요?,환자 분의 경우는 만성 피로 환자들을 전문으로 보시는 클리닉을 방문하시는 것이 도움이 될 수 있습니다.,0
419,10년전 부터 심한 피로 증상를 느끼는데 병원에 다녀도 병명이 없어요. 의사선생님이 신경성이라는데 맞나요?,만성 피로를 호소하는 환자들에서 몇 가지 기본적인 검사나 종합 검진 등을 시행한 후 특별한 이상이 발견되지 않으면 만성 피로의 원인이 신경성일 것이라고 생각하시는 의사 선생님들이 많습니다.,0
420,10년전 부터 심한 피로 증상를 느끼는데 병원에 다녀도 병명이 없어요. 의사선생님이 신경성이라는데 맞나요?,환자 분의 경우 가능하면 만성 피로를 전문으로 보는 클리닉을 방문하여 피로 증상의 원인이 과연 무엇인지 정확하게 밝히는 것이 가장 중요할 것으로 보이며 그 원인에 따라 만성 피로에 대한 적절한 치료나 조절법을 받으시는 것이 중요하다고 생각합니다.,0
421,만성 피로 증후군이라는데 어떡하죠. 예후는 무엇인가요?,만성 피로 증후군 환자의 예후에 대해서 그 동안 많은 논란이 있어왔지만 안타깝게도 아직까지는 이 문제에 대한 명확한 답을 할 수 있는 연구 결과는 없습니다.,1
422,만성 피로 증후군이라는데 어떡하죠. 예후는 무엇인가요?,일반적으로 알려진 사실에 의하면 많은 만성 피로 증후군 환자가 증상이 나타나기 시작해서 5년 후까지는 보통 증세가 호전되는 것으로 알려져 있습니다.,1
423,만성 피로 증후군이라는데 어떡하죠. 예후는 무엇인가요?,"자살이란 결과를 초래하기도 하는데, 환자는 가족과 친구들에게서 고립되고 심지어는 병원에서도 환자의 증상에 대해 이야기하기를 꺼려하게 되어 환자가 자신의 우울한 기분에 대해 터놓고 얘기할 수 없게 된다면 절망감은 더욱 클 것입니다.",1
424,만성 피로 증후군이라는데 어떡하죠. 예후는 무엇인가요?,"합병증으로는 가벼운 현기증이나 실신 증세인데, 이것은 환자가 운전 등을 할 때를 제외하고는 크게 문제되지 않습니다.",1
425,만성 피로 증후군이라는데 어떡하죠. 예후는 무엇인가요?,다행히도 만성 피로 증후군 환자가 어지럼증을 일으키면서 쓰러진다고 해도 실지로 의식을 잃는 경우는 매우 드문 일입니다.,1
426,만성 피로 증후군이라는데 어떡하죠. 예후는 무엇인가요?,만성 피로 증후군 자체는 암이나 에이즈처럼 생명에 치명적인 영향을 미치지는 않는다'는 사실을 강조하고 싶습니다.,1
427,만성 피로 증후군이라는데 어떡하죠. 예후는 무엇인가요?,연구에 의하면 완전히 회복이 되었다고 하더라도 일부의 만성 피로 증후군 환자 중에는 운동에 대한 내성이 여전히 감소되어 있고 이전에 비해 경미하지만 여전히 증상이 남아 있는 경우도 볼 수 있었습니다.,1
428,만성 피로 증후군이라는데 어떡하죠. 예후는 무엇인가요?,"대다수의 환자에게서 예후는 양호한 편이며, 몇 가지 요인(병이 시작된 형태, 발병시의 나이, 재발의 형태, 신경학적 증상의 심한 정도 등)에 따라 질병의 심한 정도나 회복의 속도는 개인마다 차이가 날 수 있습니다.",1
429,만성 피로 증후군이라는데 어떡하죠. 예후는 무엇인가요?,슬기롭게 극복하기 위해서는 전문의의 도움을 받아 꾸준히 치료받고 상담하는 것이 필요합니다.,1
430,신체형장애는 마음이 문제인데 어떻게 해서 몸이 아프게 되나요?,"몸이 아프면 마음도 약해지고, 정신적으로 문제가 생기면 몸에도 이상이 오는 것은 당연합니다.",0
431,신체형장애는 마음이 문제인데 어떻게 해서 몸이 아프게 되나요?,갈등이나 고민이 있을 때 혹은 스트레스를 많이 받을 때 우리 몸은 생리적인 변화를 일으킵니다.,0
432,신체형장애는 마음이 문제인데 어떻게 해서 몸이 아프게 되나요?,마음이 아플 때 우리 몸의 변화는 경험하고 있는 정신적인 고통이나 부담에 대응하기 위한 것입니다.,0
433,신체형장애는 마음이 문제인데 어떻게 해서 몸이 아프게 되나요?,마음이 아플 때 몸이 아픈 경우는 예를 들어 긴장해야 하는 경우 그 긴장을 이기기 위해 우리 몸은 생리적으로 굉장히 활발하게 작동합니다.,0
434,신체형장애는 마음이 문제인데 어떻게 해서 몸이 아프게 되나요?,몸의 기능을 활발하게 하기 위해 무리하여 몸이 망가지게 됩니다.,0
435,신체형장애는 마음이 문제인데 어떻게 해서 몸이 아프게 되나요?,정신적으로 위축될 때 에너지의 소비를 줄이기 위해 우리의 몸은 기능에 저하가 오기 때문입니다.,0
436,신체형장애는 마음이 문제인데 어떻게 해서 몸이 아프게 되나요?,마음이 아플 때 몸이 아픈 경우는 예를 들어 슬픔이나 낙담이 계속되면 위장은 운동이 느려지고 위산분비가 적어 헛배가 부르고 더부룩하며 소화가 안 됩니다.,0
437,우울증의 증상이 뭔가요?,우울증의 증상으로는 가장 흔하게 식욕 감소와 불면증이 있습니다.,0
438,우울증의 증상이 뭔가요?,"피로감을 호소하고 기운이 없다고 하며 집중력 저하, 급격한 기억력 감소, 죽고 싶은 생각이 자주 난다는 등의 증상이 있습니다.",0
439,뇌졸중 후 우울증에 걸린 것 같은데 어떻게 해야 할까요?,가벼운 우울증은 환자에게 용기를 주고 격려하면 시간이 지나면서 없어지는 경우가 많으나 우울증이 심한 경우에는 심리요법이나 약물치료를 받는 것이 좋습니다.,0
440,항우울제 중독되나요?,"정신과 약을 장기간 사용시 의존성이 생각다고 생각을 하는 경우가 많은데, 항우울제의 경우 그러한 의존성이 거의 생기지 않는다고 알려져 있습니다.",0
441,항우울제 중독되나요?,약 의존성에 대한 염려는 약물을 조기 중단하게 만들어서 치료를 적절하게 하지 못할 수 있게 됩니다.,0
442,항우울제 중독되나요?,정신건강의학과 처방약은 정신건강의학과 의사의 처방에 따라 복용하시는 것이 약물 의존성을 최소화하면서 질병을 조기 치료 할 수 있도록 도와줍니다.,0
443,항우울제 끊기 어렵나요?,"정신과 약을 장기간 사용시 의존성이 생각다고 생각을 하는 경우가 많은데, 항우울제의 경우 그러한 의존성이 거의 생기지 않는다고 알려져 있습니다.",0
444,항우울제 끊기 어렵나요?,약 의존성에 대한 염려는 약물을 조기 중단하게 만들어서 치료를 적절하게 하지 못할 수 있게 됩니다.,0
445,항우울제 끊기 어렵나요?,정신건강의학과 처방약은 정신건강의학과 의사의 처방에 따라 복용하시는 것이 약물 의존성을 최소화하면서 질병을 조기 치료 할 수 있도록 도와줍니다.,0
446,항우울제와 감기약 같이 먹으면 안되나요?,정신과약이 어떤 종류의 약인지 알아야 더 정확한 답변을 드릴 수 있습니다.,0
447,항우울제와 감기약 같이 먹으면 안되나요?,항우울제와 감기약이 특별한 상호작용이 없다면 같이 복용하셔도 됩니다만 항우울제 중에 MAO 억제제 성분이 있다면 같이 복용하시면 안됩니다.,0
448,항우울제를 먹고 있는데 몇시간씩 잠 못들고 몸도 아파요,우울감도 높고 몸이 아프다는 것은 우울증에 신체화 증상까지 동반된 중증 우울증입니다.,0
449,항우울제를 먹고 있는데 몇시간씩 잠 못들고 몸도 아파요,우울증약을 처음 복용하셨다면 호르몬이기 때문에 많은 감정변화와 수면 변화를 느끼실겁니다.,0
450,항우울제를 먹고 있는데 몇시간씩 잠 못들고 몸도 아파요,본인에 맞는 약을 쓰기 위해 처음 일주일에 한 번씩은 병원에 가셔서 주치의와 상담하시고 맞는 약을 찾으셔야 합니다.,0
451,항우울제를 먹고 있는데 몇시간씩 잠 못들고 몸도 아파요,항우울제는 일반적으로 효능이 수일에서 수주에 걸쳐 나타나므로 최소 4~6주 정도는 복용을 해보아야 약물의 효과를 확인할 수 있습니다.,0
452,항우울제를 먹고 있는데 몇시간씩 잠 못들고 몸도 아파요,경우에 따라서는 약물 용량을 늘리거나 약물 교체 등으로 인하여 호전 시까지의 기간이 더 길어질 수 있습니다.,0
453,우울증이란 무엇인가요?,"의욕 저하와 우울감을 주요 증상으로 하여 다양한 인지 및 정신적, 신체적 증상을 일으켜 일상 기능의 저하를 가져오는 질환을 우울증, 즉 우울장애라고 합니다.",0
454,우울증 같은데 병원 가기전 자기 진단 같은 것은 없나요?,무기력하고 매일 피로를 느낀다면 우울증일 수 있습니다.,0
455,우울증 같은데 병원 가기전 자기 진단 같은 것은 없나요?,사고력과 집중력이 떨어진다면 우울증일 수 있습니다.,0
456,우울증 같은데 병원 가기전 자기 진단 같은 것은 없나요?,매일 불면에 시달리거나 잠을 너무 많이 잔다면 우울증일 수 있습니다.,0
457,우울증 같은데 병원 가기전 자기 진단 같은 것은 없나요?,죽음에 대한 생각을 반복적으로 한다면 우울증일 수 있습니다.,0
458,우울증 같은데 병원 가기전 자기 진단 같은 것은 없나요?,매사에 의욕이 없고 안절부절 못한다면 우울증일 수 있습니다.,0
459,우울증 같은데 병원 가기전 자기 진단 같은 것은 없나요?,"우울하다, 슬프다, 울고 싶다 라는 감정이 자주 보인다면 우울증일 수 있습니다.",0
460,우울증 같은데 병원 가기전 자기 진단 같은 것은 없나요?,일상생활이나 활동에 대해 흥미나 즐거움이 감소했다면 우울증일 수 있습니다.,0
461,우울증 같은데 병원 가기전 자기 진단 같은 것은 없나요?,"자신에 대한 초라함이나 무가치함, 불필요한 죄책감이 든다면 우울증일 수 있습니다.",0
462,우울증 같은데 병원 가기전 자기 진단 같은 것은 없나요?,식이조절을 하지 않았거나 한달 사이 체중이 5%이상 변화 되었다면 우울증일 수 있습니다.,0